"Número de guía","Número de bulto a agregar","Tipo de embalaje","Detalle naturaleza del envío","Peso neto del hielo seco (Kg)","Peso bruto del bulto (Kg)"
"0000000",,,,,
"99887766","1","emb","sb","1","2"
"4512230","1","NEVERA DE ICOPOR","HIELO SECO","7","8"
"4521077","1","NEVERA DE ICOPOR","INJERTO OSEO","1","17"
"888004538328","1","SANGRE SUERO ORINA ","INVESTIGACION ","3","4"
"888004538328","2","CAJA DE CARTON PRENSADO","INVESTIGACION ","3","4"
"888004538328","3","CAJA DE CARTON PRENSADO","INVESTIGACION ","3","4"
"888004542795","1","CAJA DE CARTON PRENSADO","INVESTIGACION","4","10"
"45661299","1","CAJA DE CARTON","MEDICINAS","3","5.5"
"888004502133","1","CARTON ","DRI ICE - HIELO SECO","2","6"
"888004501779","1","CARTON ","DRI ICE  HIELO SECO ","2","3"
"888004524492","1","NEVERA DE HICOPOR","TEJISDOS OSTEOMUSCULAR","2.5","24.5"
"888004527005","1","NEVERA DE HICOPOR","TEJIDOS OSTEOMUSCULAR","1","6.2"
"888004545505","1","CAJA DE CARTON ","SUSTANCIAS BIOLOGICAS CAT B ","4","8.7"
"888004570992","1","CAJA NEVERA ","HIELO SECO ","18.5","20"
"888004573341","1","CAJA DE CARTON PRENSADO","INVESTIGACION ","3","4"
"888004573341","2","CAJA DE CARTON PRENSADO","INVESTIGACION ","3","4"
"888004573341","3","CAJA DE CARTON PRENSADO","INVESTIGACION ","3","4"
"4574847","1","CAJA DE CARTON ","MUESTRAS BIOLOGICAS CT B ","2","2"
"888004574596","1","NEVERA","MUESTRAS BIOLOGICAS ","5","6"
"888004575391","8","caja de carton ","sustancias biologicas cat b ","10","23.7"
"888004575427","1","CAJA DE CARTON PRENSADO","INVESTIGACION ","3","4"
"888004568556","1","CAJA DE CARTON","DRY ICE","6","8.2"
"888004579653","1","CAJA DE CARTON ","SUSTANCIAS BIOLOGICAS CAT B","5","5.1"
"888004580427","1","CAJA DE CARTON","DRY ICE","2","11.8"
"888004580616","1","SANGRE MATERIA FECAL LIQUIDOS CORPORALES Y ORINA ","INVESTIGACION","3","10"
"888004571134","1","HIELO SECO ","1845","2.5","2.8"
"888004577063","2","CAJA NEVERA ","HIELO SECO ","5.11","6"
"888004582614","1","CAJA DE CARTON ","MUESTRA BIOLOGICA CAT B ","9.8","4"
"4584113","1","CABA DE ICOPOR ","HIELO SECO ","5","7"
"4584129","1","CAVA DE ICOPOR ","HIELO SECO ","5","7"
"888004601367","6","CAJA DE CARTON ","SUSTANCIAS BIOLOGICAS CAT B ","8","18.5"
"888004602216","1","CAJA DE CARTON","DRY ICE","3","4"
"888004604486","1","CAJA NEVERA ","HIELO SECO ","6.6","6.9"
"888004600182","1","CAJA DE CARTON","DRY ICE","6","8.4"
"888004605414","1","CAJA de carton prensado","DRY ICE, HIELO SECO ","3","4"
"888004605414","2","CAJA DE CARTON PRENSADO","DRY ICE, HIELO SECO","3","4"
"888004605414","3","CAJA DE CARTON PRENSADO","DRY ICE, HIELO SECO","3","4"
"888004606633","1","CAJA DE CARTON PRENSADO","DRY ICE, HIELO SECO ","3","4"
"888004605819","2","caja nevera ","HIELO SECO ","2.74","2.8"
"888004611255","1","CAJA DE CARTON ","DRY ICE","1","7.8"
"888004611933","1","CAJA DE CARTON PRENSADO","HIELO SECO DRY ICE ","3","8"
"888004612738","1","CAJA DE CARTON ","SUSTANCIAS BIOLOGICAS  CAT B ","4","7.1"
"888004612005","1","CAJA DE CARTON","DRY ICE","2","12.2"
"888004611889","1","CAJA DE CARTON","DRY ICE","1","9.6"
"8884613549","3","caja de icopopr","medicamentos","3","159"
"888004620709","1","NEVERA","MUESTRAS BIOLOGICAS","3","4"
"888004630355","1","CARTON ","DRI ICE - HIELO SECO","3","4"
"888004630355","2","CARTON ","DRI ICE - HIELO SECO ","3","4"
"888004630355","3","CARTON ","DRI ICE - HIELO SECO ","3","4"
"888004632300","1","CAVA EN CAJA DE CARTON","MUESTRAS BIOLOGICAS","1","5"
"888004625254","2","CAJA NEVERA ","HIELO SECO ","3.93","4.1"
"888004633306","1","CAVA EN CAJA DE CARTON","MUESTRAS BIOLOGICAS","1","6"
"4633642","1","CAJA DE CARTON ","MUESTRAS BIOLOGICAS CT B ","2","2"
"888004634237","1","CAJA NEVERA ","HIELO SECO ","0.07","20"
"88800434771","6","CAJA DE CARTON","SUSTANCIAS BIOLOGICAS CAT B ","6","14"
"888004638847","1","CARTON PRENSADO ","DIOXIDO DE CARBONO","4","4.3"
"888004638948","1","CAJA DE ICOPOR","DRY ICE","2","8.6"
"888004639417","1","CARTON PRENSADO ","DIOXIDO DE CARBONO","7","7.3"
"888004640436","1","CAJA DE CARTON PRENSADO","INVESTIGACION","3","4"
"888004640216","1","POLIEXTIRENO EXPANDIDO","DIOXIDO DE CARBONO ","3","3.3"
"888004641414","1","CAJA DE CARTON PRENSADO","INVESTIGACION","3","6"
"888004642848","1","CAJA DE CARTON ","SUSTANCIAS BIOLOGICAS CAT B ","4","10.6"
"888004649318","1","NEVERA","MUESTRAS BIOLOGICAS","5","6"
"888004656206","1","CARTON PRENSADO ","DIOXIDOS CARBONO","5","5.5"
"888004656206","2","CARTON PRENSADO ","DIOXIDO CARBONO ","5","5.5"
"888004658144","1","CAJA DE CARTON ","SUSTANCIAS BIOLOGICAS CAT B ","1","4.1"
"888004661569","1","nevera","MUESTRAS BIOLOGICAS","2","3"
"888004664900","1","CAJA DE CARTON PRENSADA","INVESTIGACION","3","4"
"888004667319","1","CICOPOR ","3","3","3.3"
"888004669830","1","CAJA DE CARTON ","MUESTRA BIOLOGICA CAT B ","4","6.3"
"888004670573","1","CAJA DE CARTON PRENSADO","INVESTIGACION","3","9"
" 888004686624","1","nevera","MUESTRAS BIOLOGICAS ","4","6"
"888004687509","1","CAJA DE CARTON PRENSADA ","INVESTIGACION","2","6"
"888004689971","1","POLIEXTIRENO EXPANDIDO","DIOXIDO DE CARBONO","3","3.3"
"4695650","1","NEVERA DE ICOPOR","INSUMOS MEDICOS","6","15"
"888004703204","1.23","CAJA DE CARTON E HICOPOR","SUSTANCIAS BIOLOGICAS","9","12"
"4707482","1","CAVA ICOPOR ","INJERTO OSEO ","9","14"
"4706644","1","CAVA DE ICOPOR","INJERTO OSEO ","9","16"
"4713035","1","CAVA DE ICOPOR ","TEJIDO OSEO ","8","12"
"888004714610","1","caja nevera","hielo seco","9.3","9.6"
"888004720042","2","CAJA DE CARTON ","MUESTRA BIOLOGICA CATEGORIA B ","2","7.5"
"888004721756","1","CARTON ","DRI ICE - HIELO SECO ","3","4"
"888004725366","1","CAJA NEVERA","HIELO SECO","2.42","2.5"
"888004725715","1","CARTON","DRI ICE - HIELO SECO ","3","4"
"888004727176","2","CAJA DE CARTON ","SUSTANCIAS BIOLOGICAS CAT B ","24","46.4"
"888004728404","2","CAJA DE CARTON ","MUESTRA BIOLOGICA CAT B","10","10.5"
"888004730555","7","ICOPOR ","DRY ICE","3","20"
"888004730677","1","caja carton e icopor","hemocultivos","4","7"
"888004732214","1","CAJA DE CARTON","SUSTANCIAS BIOLOGICAS CT B","4","7.6"
"888004732591","1","CARTON ","DRI ICE - HIELO SECO ","6","10"
"4751283","1","CAJA DE CARTON ","MUESTRAS BIOLOGICAS CT B ","2","2"
"888004750840","3","ICOPOR","DRY ICE","4","8"
"888004750840","4","ICOPOR","DRY ICE","4","8"
"888004754470","1","CARTON ","DRI ICE - HIELO SECO ","3","4"
"888004753765","1","NEVERA","MUESTRAS BIOLOGICAS ","4","5"
"888004755311","1","CAJA NEVERA","HIELO SECO","7.3","7.5"
"888004757845","1","CARTON PRENSADO","DIOAXIDO DE CARBONO","7","7.4"
"888004758104","1","CAJA DE ICOPOR","MEDICAMENTO","6","14.4"
"888004759584","9","POLIEXTIRENO EXPANDIDO","DIOXIDO DE CARBONO ","3","3.3"
"8884757997","1","CAJA DE ICOPOR","MEDICAMENTO","4","12.8"
"888004760665","1","CARTON ","DRI ICE - HIELO SECO ","7","13"
"888004761957","1","CAJAS DE CARTON","SUTANCIAS BIOLOGICAS CT B","4","12.9"
"888004761193","1","POLIEXTIRENO EXPANDIDO","DIOXIDO DE CARBONO","7","7.2"
"4765043","1","FIBREBOARD BOX ","HIELO SECO ","4","4.85"
"888004779014","1","CAVA EN CAJA DE CARTON","MUESTRAS BIOLOGICAS","1","5"
"888004781022","1","CAVA EN CAJA DE CARTON","MUESTRAS BIOLOGICAS","1","5"
"888004781044","2","CAJA DE CARTON ","SUSTANCIAS BIOLOGICAS CAT B ","24","50.6"
"888004779634","3","ICOPOR","DRY ICE","4","4.7"
"888004782143","2","CAJA NEVERA","HIELO SECO","2.51","2.6"
"888004779506","1","CAJA NEVERA","HIELO SECO","2.59","2.6"
"888004779918","1","CAJA NEVERA","HIELO SECO","15","15.2"
"888004779918","2","CAJA NEVERA","HIELO SECO","18","18.3"
"888004783830","1","CARTON ","DRI ICE - HIELO SECO ","3","4"
"888004782134","1","nevera","MUESTRAS BIOLOGICAS ","3","4"
"888004787201","1","CAJA CARTON E ICOPOR","HEMOCULTIVOS","4","5.6"
"888004787129","1","ICOPOR ","DIOXIDO DE CARBONO CONGELADO","3","3.3"
"888004789690","1","CARTON ","DRI ICE - HIELO SECO ","5","8"
"4790592","1","NEVERA DE ICOPOR ","MEDCAMENTOS","3","5.65"
"888004794230","1.23456","CAJA DE CARTON E ICOPOR","SUSTANCIAS BIOLOGICAS","9","11"
"888004802177","1","CAJA DE CARTO","DRY ICE","6","9.8"
"888004803533","1","ICOPOR","DRY ICE","4","4"
"888004805398","1","CAJA DE CARTON ","SANGRE ","2","4.8"
"888004806882","1","CAJA NEVERA ","HIELO SECO","18.8","18.9"
"888004806882","2","CAJA NEVERA ","HIELO SECO","18.3","18.4"
"888004807869","1","CARTON ","DRI ICE - HIELO SECO ","3","4"
"4808732","1","CAJA DE CARTON ","MUESTRAS BIOLOGICAS CTB ","2","2"
"888004808091","1","NEVERAS ","MUESTRAS BIOLOGICAS ","3","4"
"888004806166","1","CAJA NEVERA ","HIELO SECO","3.6","3.7"
"888004808622","2","CAJA DE CARTON ","SUSTANCIAS BIOLOGICAS CAT B ","24","48"
"888004805933","1","CAJA NEVERA ","HIELO SECO","3.8","3.9"
"888004812983","2","CAJA NEVERA ","HIELO SECO","5.71","6.21"
"888004812647","1","CAVA DE ICOPOR","SANGRE","2","10"
"888004810886","1","CARTON RENSADO ","DIOXIDO DE CARBONO CONGELADO","6","6.3"
"888004813788","1","POLIEXTRIRENO EXPNADIDO ","DIOXIDO DE CARBONO","3","3.3"
"888004815533","1","CARTON ","DRI ICE - HIELO SECO ","4","18"
"888004816209","1","CAJA DE HICOPOR ","MEDICAMENTOS ","4","6.5"
"888004816223","1","CAJA DE ICOPOR "," MEDICAMENTOS ","4","13.2"
"888004816227","1","CAJA DE ICOPOR ","MEDICAMENTOS ","4","12"
"888004816240","1","CAJA DE ICOPOR ","MEDICAMENTOS ","4","7.8"
"888004816281","1","CAJA DE CARTON ","MEDICAMENTO ","4","5"
"888004816288","2","CAJA DE ICOPOR","MEDICAMENTO","8","13"
"888004816220","1","CAVA DE ICOPOR","SUEROS","1","8"
"888004816315","2","CAJA DE ICOPOR","MEDICAMENTOS","8","16"
"888004816319","2","CAJA DE  ICOPOR ","MEDICAMENTOS","8","23.8"
"888004816333","1","CAJA DE ICOPOR ","MEDICAMENTO","4","7.5"
"888004816301","3","CAJA DE ICOPOR","MEDICAMENTO ","20","78.45"
"888004816097","1","CAVA DE ICOPOR ","SUEROS ","1","8"
"888004829571","1","SANGRE","INFLUENZA VIRUS","7","7.8"
"888004833432","1","CAVA EN CAJA DE CARTON","MUESTRAS BIOLOGICAS","1","4"
"888004834178","1","CAVA EN CAJA DE  CARTON","MUESTRAS BIOLOGICAS","1","4"
"888004833363","1","CAJA DE CARTON ","MUESTRA BIOLOGICA CAT B ","4","9.6"
"888004837307","1","NEVERA","MUETRAS BIOLOGICAS ","5","6"
"888004839473","1","CARTON ","DRI ICE - HIELO SECO ","3","4"
"888004839760","2","CAJA NEVERA","HIELO SECO","2.57","2.72"
"888004839865","1","CAJA DE CARTONZ","SANGRE","2","9.8"
"888004841715","1","caja carton e icopor","hemocultivos","4","6.16"
"888004842141","1","POLIEXTIRENO EXPANDIDO ","DIOXIDO DE CARBONO CONGELADO","3","3.1"
"888004843296","1","CARTON ","DRI ICE - HIELO SECO ","3","10"
"888004847584","1.23456","CAJA CARTON E HICOPOR","SUSTANCIAS BIOLOGICAS","9","11"
"888004857397","1","CARTON ","DRI ICE - HIELO SECO ","2","3"
"888004857452","1","NEVERA","MUESTRAS BIOLOGICAS ","7","8"
"888004858422","1","CARTON ","DRI ICE - HIELO SECO ","6","11"
"888004859385","1","POLIEXTIRENO EXPANDIDO","DIOXIDO DE CARBONO CONGELADO","3","3.3"
"4865875","1","CABA DE ICOPOR","HIELO SECO","7","8.1"
"888004873736","1.234","CAJA CARTON E HICOPOR","SUSTANCIAS BIOLOGICAS","9","10"
"888004890806","2","CAJA DE CARTON ","SUSTANCIAS BIOLOGICAS CAT B ","20","41.1"
"888004892169","1","CAJA DE CARTON PRENSADA","INVESTIGACION","3","4"
"888004896344","1","CAJA DE CARTON PRENSADO","INVESTIGACION ","7","13"
"888004892611","2","CAJA NEVERA","HIELO SECO","2.72","2.86"
"888004896448","1","ICOPOR","DIOXIDO DE CARBONO CONGELADO","3","3.3"
"4897543","1","CARTON PRENSADO","HIELO SECO","4","10"
"888004897544","1","CARON E ICOPOR","SUEROS","4","6.46"
"888004897812","1","CAJA DE CARTON ","MUESTRA BIOLOGICA CAT B ","4","8.3"
"888004912199","1","CAJA DE CARTON ","SANGRE ","4","5"
"888004912199","1","CAJA DE CARTON ","SANGRE ","2","5"
"888004912293","1","CAJA DE CARTON","HIELO SECO","2","2.5"
"888004913510","1","CARTON PRENSADO ","DIOXIDO DE CARBONO","8","8"
"888004915722","1","CARTON PRENSADO ","DIOXIDO DE CARBONON CONGELADO ","4","4.3"
"888004915722","2","CARTON PRENSADO ","DIOXIDO DE CARBONO CONGELADO ","4","4.3"
"888004915722","3","CARTON PRENSADO ","DIOXIDO DE CARBONO","4","4.4"
"111104915665 ","1","CAJA CARTON ","MUESTRAS BIOL CAT B ","2","7"
"888004913029","1","PLIESTIRENO EXPANDIDO","TEJIDOS","1","7.4"
"888004915728","1","CAJA DE CARTON PRENSADO","INVESTIGACION","3","4"
"888004915728","2","CAJA DE CARTON PRENSADO","INVESTIGACION ","3","4"
"888004915728","4","CAJA DE CARTON PRENSADO","INVESTIGACION ","3","4"
"888004915728","3","CAJA DE CARTON PRENSADO","INVESTIGACION ","3","4"
"888004916242","3","CAJA DE CARTON ","SUSTANCIAS BIOLOGICAS CAT B ","3","9.1"
"888004917114","1","NEVERA","MUESTRAS BIOLGOGICAS ","5","6"
"888004918825","3","CAJA DE CARTON ","SUSTANCIAS BIOLOGICAS CAT  B ","40","61.1"
"888004918761","1","CAJA DE CARTON PRENSADO","INVATIGACION ","3","4"
"888004921874","1","CAJA DE ICOPOR ","DRY ICE","1","9.4"
"888004923318","1","CAJA DE CARTON","DRY ICE","2","10.2"
"888004923134","1","POLIEXTIRENO EXPANDIDO ","DIOIDO DE CARBONO CONGELADO","3","3.3"
"888004923791","1","CARTON PRENSADO","DIOXIDO DE CARBONO CONGELADO","5","5.5"
"888004924232","1","CAJA DE CARTON ","MUESTRA BIOLOGICA CAT B ","4","8.9"
"888004924044","1","CAJA DE CARTON","SUEROS","3","5"
"888004924174","1","CAJA DE CARTON PRENSADO","INVESTIGACION","3","8"
"4924722","1","CAVA DE ICOPOR","HIELO SECO","5","11.9"
"4924764","1","CAVA DE ICOPOR","HIELO SECO","5","10.1"
"888004932812","1","CONTENEDOR DE POLIESTIRENO","TEJIDO OSEO PARA TRANSPLANTE","2.5","28.3"
"888004930478","1","CAVA DE ICOPOR ","INJERTO OSEO ","1","18"
"888004936156","1","CAJA DE CARTON ","SANGRE ","6","8"
"888004936156","1","CAJA DE CARTON ","SANGRE ","6","8"
"888004939638","1","CAVA EN CAJA DE CARTON","MUESTRAS BIOLOGICAS","1","4"
"888004940599","1","CAVA EN CAJA DE CARTON","MUESTRAS BIOLOGICAS","1","6"
"888004940267","1","CAJA NEVERA","HIELO SECO","18.5","18.6"
"4938698","1","NEVERA-CAJA","MEDICAMENTOS","3","6.25"
"888004940029","1","CARTON PRENSADO ","DIOXIDO DE CARBONO ","7","7.4"
"888004942143","1","nevera","MUESTRAS BIOLOGICAS ","3","4"
"888004942226","2","CAJA DE CARTON ","SUSTANCIAS BIOLOGICAS CAT B ","12","19.5"
"888004942665","1","SUEROS ","INVESTIGACION ","3","4"
"888004942665","2","SUEROS ","INVESTIFGACION","3","4"
"888004944076","1","CAJA NEVERA","HIELO SECO","2.68","2.81"
"888004944336","1","CAVA ICOPOR CON CAJA CARTON","PRUEBAS DE QUIMICA","3","4.34"
"888004944486","3","CAJA DE CARTON ","SUSTANCIAS BIOLOGICAS CAT B ","4","9.2"
"888004944987","1","CAJA DE CARTON PRENSADO ","INVESTIGACION ","3","4"
"888004945422","1","CAJA DE CARTON ","DRY ICE","1","7.6"
"888004946853","1","POLIEXTIRENO EXPANDIDOL","DIOXIDO DE CARBONO CONGELADO ","3","3.3"
"888004947895","1","CAJA DE CARTON","INVESTIGACION","3","14"
"888004949670","1","CAJA DE CARTON ","MUESTRA BIOLOGICA CAT B ","4","8.7"
"888004953990","1.234","CAJA CARTON E ICOPOR","SUSTANCIAS BIOLOGICAS","9","10"
"888004963056","2","CAJA DE CARTON ","SANGRE ","4","5"
"888004963056","2","CAJA DE CARTON ","ORINA","4","5"
"888004963030","1","CAJA DE CARTON ","SANGRE ","2","3"
"888004963030","1","CAJA DE CARTON ","SANGRE ","4","5"
"888004964372","1","CAJA DE CARTON PRENSADO","INVESTIGACION ","2","3"
"4966015","1","CAJA DE CARTON ","MUESATRAS BIOLOGICAS CT B ","2","2"
"888004965717","2","CAJA DE CARTON ","MUESTRA BIOLOGICA CATEGORIA B ","20","42.4"
"888004965781","1","CAJA NEVERA","HIELO SECO","18.4","18.6"
"888004965781","2","CAJA NEVERA","HIELO SECO","7.2","7.3"
"888004964556","1","CARTON PRENSADO","HIELO SECO ","4","4.4"
"888004964935","1","CAJA DE CARTON","DRY ICE","3","4.4"
"888004968615","2","CAJA DE CARTON ","MUESTRA BIOLOGICA CAT B ","4","7.4"
"888004967836","1","nevera","muestras biologicas ","2","3"
"888004970933","1","CAJA DE CARTON PRENSADO","INVESTIGACION ","3","4"
"888004971471","2","CAJA NEVERA","HIELO SECO","5.02","5.36"
"888004973197","1","CAJA DE ICOPOR ","DRY ICE","2","11"
"888004973197","2","CAJA DE CARTON","DRY ICE","2","6.6"
"888004973803","3","CAJA DE CARTON ","CHORIZO, BOLLO","9.8","50.7"
"888004973738","7","CAJA DE CARTON ","CHORIZO Y BOLLO ","17.9","133"
"888004973341","1","CAJA DE CARTON","HIELO SECO","2","4"
"888004974280","1","CAJA DE CARTON PRENSADO","INVESTIGACION","3","16"
"888004973416","10","POLIEXTIRENO EXPANDIDO","DIOXIDO DE CARBONO ","3","3.3"
"888004986555","1","CAJA DE CARTON ","MUESTRA BIOLOGICA CAT B ","2","5"
"888004990016","1","CAJA DE CARTON ","MUESTRA BIOLOGICA CAT B ","8","23.8"
"888004988017","1","CAJA DE CARTON","SANGRE ","4","5"
"888004988017","1","CAJA DE CARTON ","SANGRE ","2","3"
"888004991127","1","CAVA EN CAJA DE CARTON","MUESTRAS BIOLOGICAS","1","5"
"888004991182","1","CARTON PRENSADO ","DIOXIDO DE CORBNONO  CONGELADO","4","4.8"
"888004991936","1","CAVA EN CAJA DE CARTON","MUESTRAS BIOLOGICAS","1","5"
"888004994043","1","NEVERA","MUESTRAS BIOLOGICAS ","6","7"
"888004995791","2","CAJA NEVERA","HIELO SECO","2.76","3.07"
"888004996761","1","CARTON PRENSADO ","4","4","4.3"
"3137453840","1","CAJA DE CARTON PRENSADO ","INVESTIGACION","3","4"
"888004996145","1","CAJA DE CARTON PRENSADO","INVESTIGACION","3","4"
"888005000340","7","POLIEXTIRENO EXPANDIDO","DIOXIDO CARBONO CARBONO","3","3.3"
"888005000812","1","CAJA DE CARTON PRENSADO","INVESTIGACION ","3","13"
"888005001010","1","CARTON E ICOPOR","SUEROS","4","5.86"
"888005016546","1","CAJA DE CARTON PRENSADA ","INVESTIGACION ","2","3"
"888005016545","1","NEVERA","MUESTRAS BIOLOGICAS ","4","5"
"888005017340","1","CAJA DE CARTON PRENSADO","INVESTIGACION","3","9"
"5048212","1","NEVERA DE ICOPOR","MATERIAL QUIRURGICO","8","9.35"
"888005053578","1","CARTON ","DRI ICE - HIELO SECO ","3","4"
"888005056127","1","CARTON ","DRI ICE - HIELO SECO ","3","4"
"888005060291","1","CARTON E ICOPOR","HEMOCULTIVOS","4","6.18"
"888005056264","2","CAJA NEVERA","HIELO SECO","2.5","2.67"
"888005062721","1","CARTON ","DRI ICE - HIELO SECO ","7","18"
"888005061597","1","CARTON PRENSADO ","HIELO SECO REFRIGERANDO MUESTRAS BIOLOGICAS CATEGORIA B ","3","15"
"5063850","1","CAVA DE ICOPOR","HIELO SECO","5","13"
"5066391","1","CAJA DE POLIPROPILENO","HIELO SECO","4","5"
"5066391","2","CAJA DE POLIPROPILENO","HIELO SECO","4","5"
"5066391","3","CAJA DE POLIPROPILENO","HIELO SECO","4","5"
"5066391","4","CAJA DE POLIPROPILENO","HIELO SECO","4","5"
"888005078147","1","NEVERA ICOPOR","TEJIDOS OSEOS ","1","8"
"888005081027","2","CAJA DE CARTO ","SANGRE ","4","5"
"888005081027","2","CAJA DE CARTON ","ORINA ","4","5"
"888005081436","3","CARTON PRENSADO ","DIOXIDO DE CARBONO CONGELADO ","4","4.4"
"888005081436","4","CARTON PRENSADO","DIOXIDO DE CARBONO ","4","4.4"
"888005082239","1","CAJA NEVERA","HIELO SECO","14.6","15.1"
"888005082239","2","CAJA NEVERA","HIELO SECO","18.6","19.1"
"888005082004","1","SANGRE ","INFLUENZA  VIRUS ","6","8"
"888005085051","1","CARTON ","DRI ICE - HIELO SECO ","3","4"
"888005086682","1","CARTON ","DRI ICE - HIELO SECO ","3","4"
"888005086377","1","NEVERA","MUESTRAS BIOLOGICAS ","5","6"
"888005089057","1","CAVA DE ICOPOR ","SANGRE ","2","11"
"888005091197","9","CARTON PRENSADO ","HIELO SECO REFRIGERANDO MUESTRAS BIOLOGICAS CATEGORIA B","3","23"
"888005091513","1","CAJA DE CARTON","HIELO SECO","2","4.5"
"888005092241","1","CARTON ","DRI ICE - HIELO SECO ","4","8"
"888005092775","1","MULTI EMBALAJE","MEDICAMENTOS","3","10"
"888005097967","1","CAJA DE CARTON","HIELO SECO","4","4.85"
"888005098107","5","CAJA DE CARTON ","SUSTRANCIAS BOLOGICAS","9","51.5"
"888005105178","1","CAJA NEVERA","HIELO SECO","8","8.7"
"88800510975","1","POLIETILENO EXPANDIDO","HIELO SECO COMO REFRIGERANTE DE MUESTRA BIOLOCICA CATEGORIA B","3","3"
"888005113409","1","CARTON ","DRI ICE - HIELO SECO ","6","8"
"888005114891","2","CAJA NEVERA","HIELO SECO","2.8","2.95"
"111105112836 ","1","CAJA CARTON","MUESTRAS BIOLOGICAS","2","4"
"888005113741","1","nevera","muestras biologicas ","2","3"
"888005112488","1","CAJA DE CARTON","DRY ICE","1,845","4.7"
"888005112488","2","CAJA DE CARTON","DRY ICE","3","4.7"
"888005116582","1","CARTON ","DRI ICE - HIELO SECO ","3","4"
"888005117853","1","CARTON PRENSADO ","DIOXIDO DE CARBONO ","5","5.3"
"888005119645","1","SANGRE ","TRYPANOSOMA CRUZI CHAGA ","1","12"
"888005121687","1","CARTON E ICOPOR","HEMOCULTIVOS","4","5.6"
"5123229","1","CABA DE ICOPOR","HIELO SECO","5","13.9"
"888005122851","1","CABA DE ICOPOR","SUERO","1","8.5"
"888005122851","1","CAVA DE ICOPOR ","SUERO ","1","8.5"
"888005127809","1","CAJA DE POLIETILENO","HIELO SECO","9","12.6"
"888005127809","2","CAJA DE POLIETILENO","HIELO SECO","9","12.6"
"888005127809","3","CAJA DE POLIETILENO","HIELO SECO","9","12.6"
"888005127809","4","CAJA DE POLIETILENO","HIELO SECO","9","12.6"
"5131659","1","POLIESTIRENO EXPANDIDO","MEDICAMENTOS","6","8.5"
"888005135530","1","CAJA NEVERA ","HIELO SECO ","6.6","6.7"
"888005135851","2","CAJA DE CARTON ","SANGRE ","4","6"
"888005135851","2","CAJA DE CARTON ","ORINA ","4","6"
"888005139190","1","CAVA EN CAJA DE CARTON","MUETRAS BIOLOGICAS","1","4"
"888005139309","1","CARTON","DRI ICE - HIELO SECO ","3","4"
"888005140320","1","CAVA EN CAJA DE CARTON","MUESTRAS BIOLOGICAS","1","5"
"888005141081","1","CARTON","DRI ICE - HIELO SECO ","3","4"
"111105140944","1","CAJA CARTON","MUESTRAS BIOLOGICAS","1","6"
"888005140425","1","CAJA NEVERA ","HIELO SECO ","17.5","18.6"
"888005142512","2","CAJA NEVERA ","HIELO SECO ","3.12","3.2"
"888005145249","1","SANGRE ","TRYPANOSOMA  CRUZI  CHAGA ","2","12"
"888005147386","1","CARTON ","DRI ICE - HIELO SECO ","6","10"
"888005147944","1","CAVA  DE ICOPOR ","SUERO","1","10"
"888005147944","1","CAVA  DE ICOPOR ","SUERO","1","7"
"888005157189","1","nevera","muestras biologicas ","2","3"
"888005167913","1","nevera","muestras biologicas ","4","5"
"888005169700","1","CARTON ","DRI ICE - HIELO SECO ","3","4"
"888005169644","2","CAJA NEVERA ","HIELO SECO ","2.81","2.94"
"5172671","1","CARTON E ICOPOR","HEMOCULTIVOS","4","8.04"
"888005173776","1","CAJA DE ICOPOR","DRY ICE","2","12.6"
"888005174473","1","CARTON","DRI ICE - HIELO SECO ","3","11"
"888005178877","1.2","CAJA DE POLIPROPILENO","HIELO SECO","9","11.6"
"888005178877","3.4","CAJA DE POLIPROPILENO","HIELO SECO","9","11.6"
"888005178877","5.6","CAJA DE POLIPROPILENO","HIELO SECO","9","11.6"
"888005178877","7","CAJA DE POLIPROPILENO","HIELO SECO","9","11.6"
"888005187246","1","nevera","muestras biologicas ","4","5"
"888005187522","1","CAJA DE CARTON ","INVESTIGACION ","6","10"
"888005188373","2","CAJA DE CARTON","DRY ICCE","0.5","2.4"
"888005201635","1.23","FIBREBOARD BOX","MUESTRAS BIOLOICAS","9","11"
"5203915","1","CAVA DE ICOPOR","HIELO SECO","1","17"
"888005217436","1","CAJA NEVERA ","HIELO SECO ","4.9","5.2"
"888005216659","1","CAJA DE CARTON PRENSADO ","INVESTIGACION","3","4"
"888005216659","2","CAJA DE CARTON PRENSADO","INVESTIGACION","3","4"
"888005216659","3","CAJA DE CARTON PRENSADO","INVESTIGACION ","3","4"
"888005218508","3","CAJA DE CARTON ","MUESTRA BIOLOGICA CAT B ","28","42.4"
"888005219201","1","CAJA DE CARTON PRENSADO","INVESTIGACION ","3","4"
"5216468","1","CABA DE ICOPOR ","MEDICAMNETOS ","3","6"
"888005219350","2","caja nevera ","hielo seco","2.02","2.17"
"888005222135","1","CAJA DE CARTON PRENSADO","INVESTIGACION ","7","10"
"888005223355","1","CARTON E ICOPOR","HEMOCULTIVOS","4","6"
"888005235600","1","CAJA NEVERA ","HIELO SECO ","5.4","5.5"
"888005238030","1","CAJA DE CARTON","HIELO SECO","4","6"
"88800524008","1","CARTON PRENSADO","HIELO SECO REFRIGERANDO MUESTRAS BIOLOGICA CATEGORIA B","4","4.5"
"88800524008","2","CATRON PRENSADO ","HIELO SECO REFRIGERANDO MUESTRAS BIOLOGICA CATEGORIA B","4","4.5"
"888005240551","1","CAJA DE CARTON","DRY ICE","6","9.8"
"888005241676","1","CAJA DE CARTON PRENSADA","INVESTIGACION","3","4"
"888005241676","2","CAJA DE CARTON PRENSADO","INVESTIGACION ","3","4"
"111052244329","1","CAJA CARTON ","UN3373","2","6"
"888005244041","1","nevera ","muestras biologicas ","5","6"
"888005244077","1","CARTON PRENSADO","DIOXIDO DE CARBONO","9","9.3"
"5246001","1","CAVA DE ICOPOR","HIELO SECO","5","12.95"
"888005246181","1","CARTON PRENSADO","HIELO SECO REFRIGERANDO MUESTRAS BIOLOGICA CATEGORIA B","7","12.6"
"888005245986","1","CAJA DE CARTON PRENSADO","INVESTIGACION ","2","3"
"5248310","1","CAVA DE ICOPOR","HIELO SECO","5","6"
"888005249398","1","CAJA DE ICOPOR","DRY ICE","2","11.4"
"888005245985","1","CAJA NEVERA ","HIELO SECO ","3.6","3.7"
"888005249596","1","CAJA DE CARTON ","SUEROS ","2.5","4.5"
"888005250639","1","CAJA DE CARTON PRENSADO","INVESTIGACION ","3","10"
"888005250512","1","CAJA DE ICOPOR","DRI ICE","1","8.6"
"5255038","1","FIBREBOARD BOX","MEDICAMMENTOS","4","5"
"888005265571","1","NEVERA ICOPOR ","TEJIDOS OSEOS ","1","20"
"888005265571","2","NEVERA ICOPOR ","TEJIDOS OSEOS ","1","20"
"888005265571","3","NEVERA ICOPOR ","TEJIDOS OSEOS ","1","10"
"888005270032","1","CARTON PRENSADO ","HIELO SECO REFRIGERANDO MUESTRA BIOLOGICA CATEGORIA B","4","4.5"
"888005270032","2","CARTON PRENSADO ","HIELO SECO REFRIGERANDO MUESTRA BIOLOGICA ","4","4.5"
"888005273157","1","CAJA NEVERA ","HIELO SECO ","3.3","3.6"
"888005273582","1","CONTENEDOR DE POLIESTIRENO","TEJIDO OSEO","1","6.6"
"888005273635","1","nevera ","muestras biologicas ","4","5"
"888005274864","1","CAJA DE CARTON PRENSADO","INVESTIGACION ","3","4"
"888005275298","2","CAJA NEVERA ","HIELO SECO ","2.11","2.2"
"888005280012","1","CARTON E ICOPOR","SUEROS ","4","7.14"
"888005280009","1","CAJA DE CARTON PRENSADO","INVESTIGACION ","3","15"
"888005281082","1","CAJA DE CARTON ","MUESTRA BIOLOGICA CAT B","4","9.4"
"5281451","1","FIBREBOARD BOX","MEDICMENTOS ","3","5.7"
"888005292026","1","CONTENEDOR POLISTIRENO","MUESTRAS BIOLOGICAS UN3373","3","15"
"888005293534","1","CAVA ICOPOR","INJERTO","10","10.18"
"888005293988","1","CAJA DE CARTON ","INFLUENZA  VIRUS ","6","7"
"888005293988","1","CAJA DE CARTON ","INFLUENZA  VIRUS ","6","7"
"888005294931","1","CAJA DE CARTON ","SANGRE ","3","4.8"
"888005298316","1","CAVA EN CAJA DE CARTON","MUESTRAS BIOLOGICAS","1","4"
"888005293036","2","CAJA NEVERA ","HIELO SECO ","4.5","4.6"
"111105299061 ","1","CAJA  CARTON","MUESTRAS BIOL CAT B ","2","6"
"888005302940","1","CAJA DE CARTON PRENSADO","INVESTIGACION ","3","4"
"888005303561","1","CARTON PRENSADO","DIOXIDO DE CARBONO","7","7.3"
"888005304238","1","CAJA DE CARTON","DRY ICE","1","9"
"888005304238","1","CAJA DE CARTON","DRY ICE","1","9.8"
"8885298201","1","CAVA ICOPOR","DRY ICE","7","13.4"
"888005306067","1","CAJA DE CARTON","SUEROS","2","4"
"888005305811","1","CAJA NEVERA ","HIELO SECO","16.7","17.4"
"888005306338","1","CAJA DE CARTON","DRY ICE","2","9.8"
"888005306551","1","CAJA DE CARTON PRENSADO","INVESTIGACION ","3","15"
"888005314629","1","nevera","MUETRAS BIOLOGICAS","2","3"
"888005323838","2","CARTON PRENSADO ","HIELO SECO REFRIGERANDO MUESTRA BIOLOCA CATEGORIA B","4","5"
"888005326600","1","NEVERA","MUESTRAS BIOLOGICAS ","4","5"
"888005329914","1","CAJA DE CARTON PRENSADA","INVESTIGACION ","3","4"
"888005333254","1","CARTON E ICOPOR","SUEROS","6","9.28"
"888005333426","1","CAJA DE CARTON PRENSADA","INVESTIGACION ","3","11"
"888005341254","2","CONTENEDOR DE POLIESTIRENO","MUESTARA BIOLOGICAS UN3373","3","10"
"888005348989","1","NEVERA","MUESTRAS BIOLOGICAS","3","4"
"888005350289","1","CAJA DE CARTON PRENSADO ","INVESTIGACION","3","4"
"888005352299","1","SANGRE ","TOXOPLASMA GONDII VIRUS EPSTEIN BARR","0.5","1"
"888005351257","1","CAJA DE CARTON PRENSADO","INVESTIGACION ","3","11"
"5376372","1","POLIESTIRENO EXPANDIDO","INJERTO OSEO","1","162"
"888005391043","1","CARTON ","DRI ICE - HIELO SECO ","3","4"
"888005392310","1","CAJA DE CARTON","MUESTRA BIOLOGICA CAT B ","5","5.6"
"888005397814","1","CARTON ","DRI ICE - HIELO SECO ","7","11"
"888005411546","1","CAJA NEVERA ","HIELO SECO ","2.96","3"
"5415735","1","FIBREBOARD BOX","MEDICAMENTOS","3","7.3"
"888005418138","1","CARTON PRENSADO ","HIELO SECO REFRIGERANDO MUESTRA BIOLOGIICA CATEGORIA B ","4","4.5"
"888005418138","2","CARTON PRENSADO ","HIELO SECO REFRIGERANDO MUESTRA BIOLOGIICA CATEGORIA B ","4","4.5"
"111105421428","1","CAJA  CARTON","UN3373","2","5"
"888005422399","1","CARTON ","DRI ICE - HIELO SECO ","3","4"
"888005421058","1","CAJA NEVERA ","HIELO SECO","2.7","3"
"888005422262","1","nevera","muestras biologicas ","4","5"
"888005424364","1","CAJA NEVERA ","HIELO SECO","7.4","7.6"
"888005426017","1","CARTON PRENSADO","DIOXIDO DE CARBONO","6","6.3"
"888005423637","1","CAJA","SANGRE ,ORINA","4","6.5"
"888005429051","1","CARTON ","DRI ICE - HIELO SECO ","6","10"
"888005429410","1","CAJA","SUEROS","2","4.5"
"888005428997","1","CAVA DE ICOPOR ","SANGRE ","3","12.6"
"888005428282","1","SUEROS ","ORTHOFLAVIRUS TOXOPLASMA GONDI VIRUS","1","7.2"
"5431909","1","CAVA DE ICOPOR ","DRY ICE ","10","19.2"
"5432029","1","CABA DE ICOPOR ","DRY ICE ","20","21.6"
"5432069","1","CABA DE ICOPOR ","DRY ICE ","5","10.85"
"888005449935","1","CAVA EN CAJA DE CARTON","MUESTRAS BIOLOGICAS","1","5"
"888005451664","1","CARTON PRENSADO ","HIELO SECO REFRIGERANDO MUESTRA BIOLOGICA CATEGORIA B","4","4.5"
"888005451664","2","CARTON PRENSADO ","HIELO SECO REFRIGERANDO MUESTRA BIOLOGICA CATEGORIA B","4","4.5"
"888005451664","3","CARTON PRENSADO ","HIELO SECO REFRIGERANDO MUESTRA BIOLOGICA CATEGORIA B","4","4.5"
"888005454256","1","CARTON ","DRI ICE - HIELO SECO ","3","4"
"888005449505 ","1","CAJA DE CARTON ","SANGRE","1.5","3.2"
"888005449505 ","1","CAJA DECARTON ","SANGRE","1.5","3.2"
"888005455686","1","CAJA DE CARTON ","MUESTRA BIOLOGICA CAT B ","16","22.8"
"888005455931","2","CAJA NEVETA ","HIELO SECO","3.21","3.3"
"888005451080","2","CAJA NEVERA","HIELO SECO ","2.7","2.8"
"888005454444","1","CAJA NEVERA ","HIELO SECO ","19.6","19.7"
"888005454444","2","CAJA NEVERA ","HIELO SECO ","8.2","8.3"
"888005451655","1","CAJA NEVERA ","HIELO SECO","2.7","2.8"
"888005456291","1","CAJA DE CARTON","INFLUENZA  VIRUS","5","7"
"888005457532","1","CAJA DE CARTON ","MEDICAMENTOS ","2","3.35"
"888005460322","1","CARTON ","DRI ICE - HIELO SECO ","6","14"
"888005459941","1","CAVA DE ICOPOR ","SUERO ","3","9.2"
"888005460705","1","CARTON Y POLIESTIRENO","HEMOCULTIVOS","5","7.9"
"888005461933","1","CAJA DE ICOPOR ","HIELO SECO ","6","12.9"
"5461943","1.2","CAJA DE CARTON","MEDICAMENTOS","10","16.8"
"888005467197","1","NEVERA","MUESTRAS BIOLOGICAS","3","4"
"888005471983","2","CONTENEDOR DE POLIESTIRENO","MUESTRAS BIOLOGICAS UN3373","3","10"
"888005473272","1","CAJA NEVERA ","HIELO SECO ","2.76","2.8"
"888005472719","1","CAJA NEVERA ","HIELO SECO ","7.2","7.4"
"888005476591","2","CAJA DE CARTON","SANGRE ","4","5"
"888005476591","2","CAJA DE CARTON ","ORINA ","4","5"
"888005477527","1","CARTON ","DRI ICE - HIELO SECO ","3","4"
"888005478474","1","CARTON PRENSADO","HIELO SECO REFRIGERANDO MUESTRAS BIOLOGICAS CATEGORIA B","4","4.5"
"888005478474","2","CARTON PRENSADO","HIELO SECO REFRIGERANDO MUESTRAS BIOLOGICAS CATEGORIA B","4","4.5"
"888005480252","1","CAVA EN CAJA DE CARTON","MUESTRAS BIOLOGICAS","1","3"
"888005479953","1","CAJA DE  CARTON","DRY ICE","1","2.2"
"888005479219","1","CAJA NEVERA ","HIELO SECO ","1.7","1.9"
"888005481180","1","CARTON","DRI ICE - HIELO SECO ","5","6"
"888005479258","1","CAJA NEVERA ","HIELO SECO ","2.9","3.1"
"888005481822","1","CARTON ","DRI ICE - HIELO SECO ","5","6"
"888005481861","1","NEVERA","MUESTRAS BIOLOGICAS ","5","6"
"888005481295","1","CAja DE CARTON","MUESTRA BIOLOGICA CAT B","8","12.9"
"888005484589","2","CARTON PRENSADO ","HIELO SECO REFRIGERANDO MUESTRAS BIOLOGICAS CATEGORIA B","7","7.5"
"888005486197","1","CAVA DE ICOPOR","SUERO","2","7"
"888005486197","2","CAVA DE ICOPOR","SUERO","2","10.2"
"888005487438","1","CAVA DE ICOPOR ","SANGRE ","2","9.8"
"888005487169","1","CAJA","CAJA","1.5","4.5"
"888005488501","1","CARTON ","DRI ICE - HIELO SECO ","5","9"
"888005490812","1","CAVADE ICOPOR ","DRY ICE ","7","8.7"
"888005499772","1","CONTENEDOR DE POLIESTIRENO","TEJIDO OSEO","2.5","18"
"888005507480","1","CAVA EN CAJA DE CARTON","MUESTRAS BIOLOGICAS","1","5"
"888005509624","1","CARTON PRENSADO ","HIELO SECO REFRIGERANDO MUESTRA BIOLOGICA CATEGORIA B","7","8"
"888005509539","1","NEVERA","MUESTRAS BIOLOGICAS ","2","3"
"888005511449","1","CARTON ","DRI ICE - HIELO SECO ","3","4"
"888005515381","1","CARTON E ICOPOR","HEMOCULTIVOS","7","10.5"
"888005516726","1","CARTON ","DRI ICE - HIELO SECO ","3","11"
"888005515035","1","CAVA DE ICOPOR ","SANGRE ","2","13"
"888005525091","2","NEVERA DE HICORPOR","MUESTRAS IOLOGICAS CATEBORIA B ","3","9"
"888005530323","1","NEVERA","MUESTRAS BIOLOGICAS ","4","5"
"888005531767","1","CARTON ","DRI ICE - HIELO SECO ","2","3"
"888005532184","1","CARTON ","DRI ICE - HIELO SECO ","6","10"
"888005532721","1","CAJA DE CARTON","DRY ICE","1","8.4"
"888005564608","2","CAJA DE CARTON ","SUSTANCIAS BIOLOGICAS CAT B ","28","45.4"
"888005563892","1","CAJA DE CARTON ","MEDICAMENTOS","3","7.1"
"3053480207","1","DRY ICE - HIELO SECO","INVESTIGACION ","3","4"
"3053480207","2","SUEROS ","INVESTIGACION ","3","4"
"888005566924","1","CAJA DE CARTON ","INVESTIGACION","3","4"
"888005566924","2","CAJA DE CARTON PRENSADO","INVESTIGACION ","3","4"
"888005568717","1","CAJA DE CARTON ","INVESTIGACION ","5","6"
"888005574060","2","CAJA DE CARTON ","MUESTRA BIOLOGICA CAT B ","10","10.6"
"888005574230","1","CARTON E ICOPOR","SUEROS","4","7.08"
"888005571697","1","CAJA NEVERA ","HIELO SECO ","2.59","2.7"
"888005574116","1","CAJA DE CARTON PRENSADO","INVESTIGACION ","7","13"
"888005575535","1","CAJA DE CARTON ","MUESTRA BIOLOGICA CAT B ","4","11"
"888005576128","1","CAJA DE CARTON","MEDICAMENTO","6","14.3"
"888005576151","1","CAJA DE CARTON","MEDICAMENTOS","7","17.3"
"888005580502","1","caja de carton ","hielo seco","16","18.02"
"888005593507","1","CAJA DE CARTON","HIELO SECO","4","5"
"888005594159","1","CARTON PRENSADO ","DIOXIDO DE CARBONO CONGELADO","4","4.3"
"888005594159","2","CARTON PRENSADO","DIOXIDO DE CARBONO CONGELADO","4","4.3"
"888005594159","3","CARTON PRENSADO ","DIOXIDO DE CARBONO CONGELADO ","4","4.3"
"888005593261","1","CAJA DE CARTON ","SANGRE ","5","7.8"
"888005595945","1","CAJA DE CARTON PRENSADO ","INVESTIGACIONES ","3","4"
"888005597561","1","CAVA EN CAJA DE CARTON","MUESTRAS BIOLOGICAS","1","6"
"888005599732","1","NEVERA","MUESTRAS BIOLOGICAS ","3","4"
"111105600509","1","CAJA CARTON","UN3373","2","5.5"
"88800559978","1","CAJA NEVERA ","HIELO SECO ","16.1","16.3"
"888005600191","1","CAA DE CARTON ","INVESTIGACION ","3","4"
"888005603559","1","CAJA DE CCARTON","DRY ICE","6","8.6"
"888005604211","1","CARTON PRENSADO","DIOXIDO DE CAERBONO ","6","6.3"
"888005604452","1","CAJA NEVERA ","HIELO SECO ","2.6","2.7"
"888005604898","1","CAJA DE ICOPOR","DRY ICE","2","13.2"
"888005604289","1","CAJA NEVERA ","HIELO SECO ","2.7","2.8"
"888005605666","1","CAJA","SUEROS","2.5","4.5"
"888005605967","1","CAJA DE CARTON","DRY ICE","3","9.6"
"888005605810","1","CAJA DE CARTON ","INVESTIGACION ","4","10"
"888005606234","1","CAJA DE CARTON ","MUESTRA BIOLOGICA CAT B ","4","10.8"
"5611852","1","FIBREBOAR BOX","DRY ICE ","4","4.4"
"88805590611","1","CAJA DE CARTON ","MUESTRAS BIOLOGICAS ","5","6"
"888005619511 ","1","CAJA DE ICOPOR ","MUESTRAS BIOLOGICAS ","10","12"
"888005626238","1","CAJA NEVERA ","HIELO SECO ","3.6","3.8"
"888005626256","1","CAJA NEVERA ","HIELO SECO ","3.36","3.5"
"888005628199","1","CAJA NEVERA ","HIELO SECO ","15.5","15.6"
"888005629014","1","NEVERA","MUESTRAS BIOLOGICAS ","2","3"
"888005626920","1","CAJA DE CARTON PRENSADO","INVESTIGACION ","3","4"
"888005626920","2","CAJA DE CARTON PRENSADO ","INVESTIGACION ","3","4"
"888005626920","3","CAJA DE CARTON PRENSADO","INVESTIGACION ","3","4"
"888005626920","4","CAJA DE CARTON PRENSADO","INVESTIGACION ","3","4"
"888005631053","2","CAJA NEVERA ","HIELO SECO ","2.59","2.7"
"888005630691","1","CAJA DE ICOPOR","DRY ICE","2","7.6"
"888005629963","1","CAJA DE CARTON PRENSADO","INVESTIGACION ","3","4"
"888005634510","1","CARTON E ICOPOR","SUEROS","4","6.48"
"88005630980","1","CABA DE ICOPOR ","INSUMOS MEDICOS","8","13.55"
"888005630980","1","CAV DE ICOPOR ","INSUMOS ","8","13.55"
"888005630895","1","CAVA DE ICOPOR ","INSUMOS ","15","20.55"
"888005635235","1","CAJA DE CARTON PRENSADO ","INVESTIGACION ","4","12"
"888005652840","1","CARTON PRENSADO","HIELO SECO REFRIGERANDO MUESTRAS BIOLOGICASS CATEGORIA B","4","4.5"
"888005652840","2","CARTON PRENSADO","HIELO SECO REFRIGERANDO MUESTRAS BIOLOGICASS CATEGORIA B","4","4.5"
"888005653519","1","CAVA EN CAJA DE CARTON","MUESTRAS BIOLOGICAS","1","2"
"888005653595","1","CARTON PRENSADO ","HIELO SECO REFRIGERANDO MUESTRA BIOLOGICA CATEGORIA B","7","8"
"888005654424","1","CAJA DE CARTON PRENSADO","INVESTIGACION ","3","4"
"888005654424","2","CAJA DE CARTON PRENSADO","INVESTIGACION","3","4"
"888005655497","1","NEVERA ","MUESTRAS BIOLOGICAS ","3","4"
"111105656520","1","CAJA CARTON","UN3373","2","6"
"888005657152","1","CAJA NEVERA ","HIELO SECO ","12.2","12.3"
"888005657025","1","CARTON PRENSADO","INVESTIGACION ","3","4"
"888005659015","2","CARTON PRENSADO ","HIELO SECO REFRIGERANDO MUESTRA BIOLOGICA CATEGORIA B","6","6.5"
"888005660390","1","CAJA DE CARTON ","INFLUENZA VIRUS ","5","7.6"
"888005660790","1","CAJA DE ICOPOR","DRY ICE","2","9.8"
"888005661344","1","CAJA DE CARTON","SUEROS","2","4.5"
"888005662394","1","CAJA DE CARTON ","MUESTRA BIOLOGICA CAT B ","4","8.9"
"888005662397","1","CAJA DE CARTON PRENSADO","INVESTIGACION ","4","11"
"888005659825","2","CAJA NEVERA ","HIELO SECO ","3.75","3.8"
"888005660512","1","CAJA NEVERA ","HIELO SECO","3.36","3.4"
"888005626960","1","CAJA DE ICOPOR","DRY ICE","2","10.6"
"888005626960","3","CAJA DE CARTON","DRY ICE","2","7.4"
"888005675899","1","CAJA DE CARTON ","INFLUENZA VIRUS ","6","6"
"888005681229","1","CAVA EN CAJA DE CARTON","MUESTRAS BIOLOGICAS","1","5"
"888005683816","2","CAJA NEVERA ","HIELO SECO ","2.86","2.98"
"888005684190","1","CAJA DE CARTON PRENSADO","INVESTIGACION ","3","4"
"888005688182","1","CARTON E ICOPOR","SUEROS","4","6.84"
"888005687862","3","CAJA DE CARTON","DRY ICE","1","4.4"
"888005688759","1","CAJA DE CARTON ","MUESTRA BIOLOGICA CAT B ","4","8"
"888005688701","1","CAJA DE CARTON PRENSADO","INVESTIGACION ","7","11"
"888005696181","1","nevera","MUESTRAS  BIOLOGICAS ","3","4"
"888005705318","1","NEVERA","MUESTRAS BIOLOGICAS ","2","3"
"888005705386","1","CAJA DE CARTON PRENSADO ","INVESTIGACION ","2","3"
"888005706337","1","SANGRE ","TOXOPLASMA GONDII VIRUS EPSTEIN BARR","0.5","2.8"
"888005705941","1"," SANGRE","TOXOPLASMA GONDII VIRUS EPSTEIN BARR","2","8"
"888005706295","1","CAJA DE CARTON ","INVESTIGACION ","5","13"
"888005707415","1","SANGRE ","TOXOPLASMA GONDII VIRUS EPSTEIN BARR","1","5"
"888005740919","1","CARTON ","DRI ICE - HIELO SECO ","3","4"
