"Número de guía","Número ONU (UN / ID)","Clase o división","Peligro secundario","Grupo de embalaje","Cantidad de bultos","Tipo de embalaje","Peso neto de la mercancía peligrosa por bulto (Kg)","Unidad de medida","Peso bruto por bulto (Kg)","Instrucción de embalaje","Autorizaciones","Disposiciones especiales aplicables en el envío.","Información adicional de manipulación","Nombre apropiado de expedición"
"898989888","555","55","22","II","4,545","55","55","Kilogramos","55","55","55","55","55","GFGFG"
"4513509","1,263","3","N/A","III","1","FIBREBOARD BOX","10","Litros","7","Y344","N/A","N/A","N/A","PAINT"
"4513235","1,950","2.1","N/A","N/A","1","FIBREBOARD BOX","80","Kilogramos","0.8","Y203","N/A","N/A","N/A","AEROSOLS ,FLAMMABLE"
"4513883","3,072","9","N/A","N/A","1","FIBREBOARD BOX","18","Litros","19","955","N/A","A48","N/A","LIFE-SAVING APPLIANCES.NOT SELF-INFLATING"
"4518838","1,263","3","N/A","II","1","FIBREBOARD BOX ","5","Litros","9","353","N/A","N/A","N/A","PAINT RELATED MATERIAL "
"4517861","1,263","3","N/A","II","1","FIBREBOARD BOX ","3","Litros","2","353","N/A","N/A","N/A","PAINT"
"4538385","1,263","3","N/A","III","1","FIBREBOARD BOX ","1","Litros","6.2","Y344","N/A","N/A","N/A","PAINT"
"4538385","1,263","3","N/A","III","1","FIBREBOARD BOX ","4","Litros","62","353","N/A","N/A","N/A","OPAIRELATED MATERIAL "
"4526209","1,263","3","N/A","III","1","FIBREBOARD BOX ","34","Litros","12","355","A192","N/A","N/A","PAINT RELATED MATERIAL "
"4526209","1,992","3","6,1","III","1","FIBREBOARD BOX ","24","Litros","13","352","N/A","N/A","N/A"," FLAMMABLE LIQUID TOXIC ,N,O.S (ETHYL3ETHOXYPROPINATE,PENTANE-2,4)"
"111104546274","1,956","2.2","N/A","N/A","1","FIBREBOARD BOX","5","Kilogramos","8.8","200","N/A","N/A","1-80-255-3924","Compressed gas, n.o.s"
"111104547127","3,259","8","N/A","III","1","CAJA DE CARTON","100","Kilogramos","1.4","Y854","N/A","N/A","N/A","AMINES, SOLIDO, CORROSIVE"
"888004535470","3,363","9","NA","N/A","1","CAJA DE CARTON","1","Litros","12.5","962","NA","NA","MIS0000580","DANGEROUS GOODS IN APPARATUS "
"888004516131","3,469","3","8","II","1","CAJA DE CARTON","1","Litros","2","352","NA","NA","MIS00000580","PAINT RELATED MATERIAL FLAMMABLE CORROSIVE"
"888004485103","8,000","9","NA","N/A","1","CAJA DE CARTON","7","Kilogramos","7","Y963","NA","NA","4440050 426","CONSUMER COMMODIY"
"888004553498","2,929","6.1","3","II","1","CAJA DE CARTON","1","Litros","4","654","NA","NA","MIS00000580","Toxic liquid, flammable, organic, n.o.s. ★"
"88800571779","1,139","3","N/A","III","1","CAJA DE CARTON PRENSADO","0.05","Litros","2","355","N/A","N/A","MIS0000580","Coating solution †"
"111104569800","1,072","2.2","5.1","N/A","1","ALUMINIO","3","Kilogramos","18","200","N/A","N/A","18002553924","Oxygen, compressed"
"888004602320","3,091","9","NA","N/A","1","CAJA DE CARTON","3","Kilogramos","2","970","NA","NA","MIS00000580","Lithium metal batteries contained in equipment †"
"888004602320","3,091","9","NA","N/A","2","CAJA DE CARTON","3","Kilogramos","2","970","NA","NA","MIS00000580","Lithium metal batteries contained in equipment †"
"888004605996","3,091","9","NA","N/A","1","FIBREBOARD BOX","2","Kilogramos","2","970","NA","NA","NA","LITHUM METAL BATTERIES CONTAINED IN EQUIPMENT"
"4620233","8,000","9","NA","N/A","1","CAJA DE CARTON ","500","Litros","1","Y963","NA","A112","NA","CONSUMER CONMODITY "
"4620695","8,000","9","NA","N/A","1","CAJA DE CARTON","500","Litros","9","Y963","NA","A112","NA","CONSUMER CONMODITY"
"888004621487","3,263","8","NA","II","1","CAJA DE CARTON","5","Kilogramos","1","859","NA","NA","MIS00000580","Corrosive solid, basic, organic, n.o.s. ★"
"4620572","1,133","3","N/A","II","1","FIBREBOARD BOX ","45","Litros","8","353","N/A","N/A","18002553924","Adhesives"
"111104621784","2,795","8","N/A","N/A","1","CAJA PLASTICA","344","Kilogramos","41.4","870","A51","N/A","18002553924","Batteries, wet, filled with alkali"
"888004637559","1,133","3","N/A","III","1","CAJA DE CARTON","0.4","Litros","2","355","N/A","N/A","MIS0000580","Adhesives"
"888004651216","2,929","6.1","3","II","1","CAJA DE CARTON","15","Litros","3","654","NA","NA","MIS00000580","Toxic liquid, flammable, organic, n.o.s. ★"
"111104650870","3,072","9","N/A","N/A","1","CAJA DE CARTON","4","Kilogramos","5.1","955","A48","NA","+018132480585","Life-saving appliances, not self-inflating"
"4650717","1,863","3","N/A","N/A","1","CAJA DE MADERA CONTRACHAPADA","3","Litros","6","Y344","N/A","N/A","N/A","FUEL AVIATION TURBINE ENGINE"
"111104669317","3,469","3","8","III","1","CAJA DE Carton","50","Litros","0.4","y342","n/a","n/a","018132480585","Paint, flammable, corrosive"
"4670250","1,950","2","N/A","N/A","1","FIBREBOARD BOX","8","Kilogramos","0.8","Y203","N/A","N/A","N/A","AEROSOLS,FLAMMABLE "
"111104671028","3,363","9","N/A","N/A","1","PLASTIC BOK","1","Litros","17","962","N/A","N/A","1-8002553924","Dangerous goods in apparatus"
"111104687897","1,950","2.1","n/a","N/A","1","caja de carton ","26","Kilogramos","2.6","y203","n/a","n/a","+018132480585","Aerosols, flammable"
"4697903","2,795","8","N/A","N/A","1","PLASTIC BOX","25","Kilogramos","33.2","870","N/A","N/A","1-800-255-3924","Batteries, wet, filled with alkali"
"111104704688","3,091","9","N/A","N/A","1","FIBREBOARD BOX","25","Kilogramos","5.8","970","N/A","N/A","1-8002553924","Lithium metal batteries contained in equipment"
"111104717898","3,091","9","N/A","N/A","3","FIBREBOARD BOX ","25","Kilogramos","3.94","970","NA","A48","1-8002553924","Lithium metal batteries contained in equipment"
"111104698664","8,000","9","N/A","N/A","1","CAJA DE CARTON","1","Litros","1","Y963","N/A","N/A","N/A","ARTICULO DE CONSUMO"
"111104698721","1","9","N/A","N/A","1","CAJA DE CARTON","1","Kilogramos","2","Y963","N/A","N/A","N/A","ARTICULO DE CONSUMO"
"111104698676","1","9","N/A","N/A","1","CAJA DE CARTON","1","Litros","1","Y9631","N/A","N/A","N/A","ARTICULO DE CONSUMO"
"111104698712","1","9","N/A","N/A","1","CAJA DE CARTON","1","Litros","1","Y963","N/A","N/A","N/A","ARTILO DE CONSUMO"
"111104729708","1,133","3","N/A","II","1","FIBREBOARD BOX","2","Litros","0.8","Y341","N/A","N/A","1-8002553924","Adhesives"
"8880047331975","12","1","N/A","N/A","1","CAJA DE CARTON","66","Kilogramos","7.1","130","N/A","N/A","N/A","CARTUCHOS PARA ARMAS DE PEQUEÑO CALIBRE"
"888004722547","1,993","3","na","III","1","caja de carton","38","Litros","4","355","na","na","mis00000580","Flammable liquid, n.o.s. ★"
"888004726545","1,263","3","na","III","1","caja de carton","18","Litros","27","355","na","na","mis00000580","Paint related material"
"888004727306","1,950","2.1","na","N/A","1","caja de carton","1","Kilogramos","1","y203","na","na","mis00000580","Aerosols, flammable"
"888004706132","2,922","8","6,1","II","1","caja de carton","5","Litros","2","851","na","na","mis00000580","Corrosive liquid, toxic, n.o.s. ★"
"888004706132","1,133","3","NA","II","1","Caja de carton","95","Litros","2","353","na","na","mis00000580","Adhesives"
"111104733163","3,091","9","N/A","N/A","1","CAJA DE CARTON ","35","Kilogramos","1.4","970","N/A","A48","1-800-255-3924","LITHIUM METAL BATTERIES CONTAINED IN EQUIPMENT "
"111104732939","3,072","9","N/A","N/A","2","CAJA DE CARTON ","15","Kilogramos","38.4","955","N/A","A48","1-800-255-3924","LIFE-SAVING APPLIANCES, NOT SELF-INFLATING"
"4736018","3,091","9","N/A","N/A","1","FIBREBOARD BOX ","25","Kilogramos","1.4","970","A48","N/A","1-800-255-3924","Lithium metal batteries contained in equipment"
"4734476","2,735","8","N/A","II","1","FIBREBOARD BOX","1","Litros","3.5","851","N/A","N/A","1-800-255-3924","Polyamines, liquid, corrosive, n.o.s. "
"4734359","1,044","2.2","N/A","N/A","1","FIBREBOARD BOX","8","Kilogramos","10","213","N/A","N/A","1-800-255-3924","Fire extinguishers "
"4734513","1,263","3","N/A","III","1","FIBREBOARD BOX ","4","Litros","7","355","N/A","N/A","1-800-255-3924","Paint"
"888004740311","3,091","9","NA","III","1","CAJA DE CARTON","25","Kilogramos","2","970","NA","NA","MIS00000580","Lithium metal batteries contained in equipment †"
"111104739162","2,990","9","NA","N/A","1","CAJA DE MADERA","30","Kilogramos","90","955","N/A","N/A","018132480585","Life-saving appliances, self-inflating"
"111104741300","2,795","8","N/A","N/A","25","BIDON PLASTICO","25","Kilogramos","32","870","N/A","N/A","018132480585","Batteries, wet, filled with alkali †"
"111101742827","3,091","9","N/A","N/A","1","CAJA DE CARTON","2","Kilogramos","6","970","A48","N/A","018132480585","Lithium metal batteries contained in equipment †"
"888004754343","1,950","2.1","NA","N/A","1","CAJA DE CARTON","1","Kilogramos","1","Y203","NA","NA","MIS0000580","Aerosols, flammable"
"888004761028","3,363","9","NA","N/A","1","PLASTIC BOX","1","Litros","17","962","NA","NA","NA","DANGEROUS GOODS IN APPARATUS"
"4754374","1,950","2.1","N/A","N/A","1","FIBREBOARD BOX","8","Kilogramos","8","Y203","N/A","N/A","N/A","AEROSOLS,FLAMMABLE"
"4760965","1,044","2.2","N/A","N/A","1","FIBREBOARD BOX","28.4","Kilogramos","30","213","N/A","N/A","N/A","FIRE EXTINGUISHERS"
"111104535514","1","9","N/A","N/A","1","CAJA DE CARTON","1","Litros","1","Y963","N/A","N/A","N/A","ARTICULO DE SONSUMO"
"888004769809","1","2.2","5,1","N/A","1","CAJA ALUMINIO","92","Kilogramos","40","200","N/A","N/A","N/A","OXYGEN, COMPRESSED"
"888004769140","2,922","8","6.1","II","1","CAJA DE CARTON","0.5","Litros","4","851","N/A","N/A","MIS0000580","	Corrosive liquid, toxic, n.o.s. ★"
"888004769140","1,263","3","N/A","III","2","CAJA DE CARTON PRENSADA","4.8","Litros","5","355","N/A","N/A","MIS0000580","Paint"
"888004769140","2,735","8","N/A","III","1","CAJA DE CARTON PRENSADO","0.1","Litros","5","852","N/A","N/A","MIS0000580","	Polyamines, liquid, corrosive, n.o.s. ★"
"111104478749","8,000","9","N/A","N/A","1","CAJA DE CARTON","0.1","Litros","1","Y963","N/A","N/A","N/A","ARTICULO DE CONSUMO"
"111104478625","8,000","9","N/A","N/A","1","CAJA DE CARTON","1","Litros","1","Y963","N/A","N/A","N/A","ARTIULO DE CONSUMO"
"888004776820","3,363","9","N/A","N/A","3","CAJA DE CARTON","2","Litros","2","962","N/A","N/A","MIS0000580","Dangerous goods in apparatus"
"111104770046","1,072","2.2","5,1","N/A","1","ALUMINIUM BOX","95","Kilogramos","37.4","200","N/A","N/A","N/A","Oxygen, compressed"
"888004776950","1,950","2.1","N/A","N/A","1","CAJA DE CARTON","5","Kilogramos","1.5","203","N/A","N/A","MIS0000580","Aerosols, flammable"
"888004781202","3,469","3","8","III","1","CAJA DE CARTON","4","Litros","1","354","N/A","N/A","MIS0000580","Paint, flammable, corrosive"
"888004779105","3,091","9","NA","N/A","1","CAJA DE CARTON","5","Kilogramos","4","970","NA","NA","MIS0000580","Lithium metal batteries contained in equipment"
"888004780576","3,091","9","NA","N/A","1","CAJA DE CATON","35","Kilogramos","2","970","NA","NA","MIS0000580","Lithium metal batteries contained in equipment"
"111104805505","3,091","9","N/A","N/A","1","FIBREBOARD BOX","0.35","Kilogramos","1.2","970","A48","A48","N/A","Lithium metal batteries contained in equipment"
"888004805668","2,735","8","N/A","III","1","CAJA DE CARTON","1","Litros","4","852","N/A","N/A","MIS0000580","	Polyamines, liquid, corrosive, n.o.s. ★"
"888004813468","1,993","3","NA","II","1","CAJA DE CARTON","4","Litros","5","353","NA","NA","MIS0000580","Flammable liquid, n.o.s."
"111104810474","1,950","2.1","N/A","N/A","1","FIBREBOARD BOX","15","Kilogramos","1.5","Y203","N/A","A08","N/A","Aerosols, flammable"
"111104815626","3,072","9","N/A","N/A","1","FIBREBOARD BOX","6","Kilogramos","6.8","955","N/A","A08","N/A","Life-saving appliances, not self-inflating"
"111104813829","1,133","3","N/A","III","1","FIBREBOARD BOX","2","Litros","0.8","Y344","N/A","A08","N/A","Adhesives"
"888004821525","1,263","3","na","III","1","caja de carton","1","Litros","2","355","na","na","mis00000580","paint"
"4828047","8,000","9","NA","N/A","1","CAJA DE CARTON ","500","Litros","2","Y963","NA","A112","NA","CONSUMER CONMODITY "
"111104839765","3,469","3","8","III","1","FIBREBOARD BOX","1","Litros","1.6","Y342","N/A","N/A","1-8002553924","Paint, flammable, corrosive"
"888004835771","1,950","2.1","NA","N/A","1","caja de carton","8","Kilogramos","2","203","NA","NA","Mis0000580","AEROSOLS, FLAMMABLE"
"888004835771","2,922","8","6,1","II","1","caja de carton","1","Litros","2","851","NA","NA","Mis0000580","Corrosive liquid, toxic, n.o.s"
"88800483881","1,993","3","NA","III","1","caja de carton","4","Litros","5","Y344","NA","NA","Mis0000580","Flammable liquid, n.o.s.  "
"888004841542","1,263","3","NA","III","1","caja de carton","16","Litros","20","355","NA","NA","Mis0000580","Paint"
"888004841542","1,950","2.1","NA","N/A","1","caja de carton","1","Kilogramos","1","Y203","NA","NA","Mis0000580","Aerosols, flammable"
"888004849112","3,481","9","N/A","N/A","1","CAJA PLASTICA","2","Kilogramos","12","967","N/A","N/A","MIS0000580","Lithium ion batteries contained in equipment †"
"4852680","8,000","9","NA","N/A","1","CAJA DE CARTON ","500","Kilogramos","17","Y963","NA","A112","NA","CONSUMER CONMODITY "
"888004854446","12","1","N/A","N/A","1","CAJA DE CARTON","66","Kilogramos","8","130","N/A","N/A","N/A","CARTUCHOS PARA ARMAS DE PEQUEÑO CALBRE"
"4860555","1,263","3","N/A","II","1","FIBREBOARD BOX ","38","Litros","5.4","353","N/A","N/A","18002553924","Paint related material"
"4860555","1,263","3","N/A","II","1","FIBREBOARD BOX ","25","Litros","4.6","353","N/A","N/A","18002553924","Paint related material"
"4854501","1,866","3","N/A","III","1","FIBREBOARD BOX ","600","Litros","1.6","355","N/A","N/A","18002553924","Resin solution"
"111104860252","1,263","3","N/A","III","1","CAJA DE CARTON ","25","Litros","3.5","Y344","N/A","N/A","1-800-255-3924","PAINT REATED MATERIEL"
"111104867787","1,950","2.1","N/A","N/A","1","FIBREBOARD BOX","1","Kilogramos","1","Y203","N/A","A08","N/A","	Aerosols, flammable"
"888004876828","1,263","3","na","III","1","caja de carton","62","Litros","8","355","na","na","Miss0000580","Paint related material"
"111104896493 ","8,000","9","N/A","N/A","1","CAJA DE CARTON CORRUGADO ","5","Kilogramos","2","963","N/A","A112","N/A","CONSUMER COMMODITY"
"888004896600","1,263","3","N/A","III","1","CAJA DE CARTON","5","Litros","9","Y344","N/A","N/A","N/A","PAINT"
"888004894059","1,133","3","NA","III","1","CAJA DE CARTON","1","Litros","2","355","NA","NA","MIS00000580","ADHESIVES"
"888004890479","1,263","3","NA","II","1","CAJA DE CARTON","5","Litros","6","353","NA","NA","MIS00000580","PAINT RELATED MATERIAL "
"111104887010","3,091","9","N/A","N/A","1","FIBREBOARD BOX ","25","Kilogramos","1.25","970","A48","N/A","N/A","LITHIUM METAL BATTERIES CONTAINED IN EQUIPMENT"
"111104886221","2,990","9","N/A","N/A","1","WOODEN BOX ","70","Kilogramos","140","955","N/A","N/A","N/A","LIFE-SAVING APPLIANCES, SELF-INFLATING"
"111104886221","2,990","9","N/A","N/A","1","WOODEN BOX","70","Kilogramos","140","955","N/A","N/A","N/A","LIFE-SAVING APPLIANCES, SELF-INFLATING"
"111104892446","3,072","9","N/A","N/A","1","FIBREBOARD BOX","18","Kilogramos","30","955","N/A","N/A","N/A","LIFE-SAVING APPLIANCES,NOT SELF-INFLATING"
"888004905781","3,072","9","NA","N/A","1","FIBREBOARD BOX","18","Kilogramos","20","955","NA","NA","NA","Aparatos de salvamento no autoinflables que contengan mercancías peligrosas como material accesorio"
"888004906262","3,072","9","N/A","N/A","1","FIBREBOARD BOX","21","Kilogramos","21.6","955","A48","N/A","18002553924","LIFE-SAVING APPLIANCES,NOT SELF-INFLATING"
"111104904895","8,000","9","N/A","N/A","1","FIBRE BOARD BOX ","4","Litros","5.3","Y963","N/A","N/A","N/A","CONSUMMER COMODITY"
"88804915275","2,735","8","NA","III","1","CAJA DE CARTON","35","Litros","5","852","NA","NA","MIS00000580","Polyamines, liquid, corrosive"
"111104919533","1,950","2.1","N/A","N/A","1","FIBREBOARD BOX","0.8","Kilogramos","0.8","Y203","N/A","A08","N/A","Aerosols, flammable"
"111104898267","1,263","3","N/A","II","1","FIBREBOARD BOX","1","Litros","1.2","Y341","N/A","A08","N/A","Paint related material"
"111104898073","3,091","9","N/A","N/A","1","FIBREBOARD BOX","0.25","Kilogramos","2","970","A48","A08","N/A","Lithium metal batteries contained in equipment"
"888004930434","1,263","3","NA","II","1","FIBREBOARD BOX","3.8","Kilogramos","5","355","NA","NA","NA","PRODUCTOS PARA PINTURA(Paint related material)"
"888004930434","1,263","3","NA","II","1","FIBREBOARD BOX","25","Kilogramos","5","355","NA","NA","NA","PRODUCTOS PARA PINTURA(Paint related material)"
"888004930434","1,263","3","NA","III","1","FIBREBOAR BOX","75","Kilogramos","10","355","NA","NA","NA","PRODUCTOS PARA PINTURA(Paint related material)"
"111104930657","1,139","3","N/A","III","1","FIBREBOARD BOX ","12","Litros","12.6","355","N/A","N/A","1-800-255-3924","	Coating solution"
"111104930657","1,139","3","N/A","III","1","FIBREBOARD BOX","11","Litros","12.6","355","N/A","N/A","1-800-255-3924","	Coating solution"
"111104930079","3,091","9","N/A","N/A","1","FIBREBOARD BOX ","35","Kilogramos","1.4","970","A48","N/A","1-800-255-3924","Lithium metal batteries packed with equipment"
"111104937118","1,072","2.2","5.1","N/A","1","ALUMINIUM BOX","132","Kilogramos","44","200","N/A","N/A","18002553924","Oxygen, compressed"
"888004939628","1","3","NA","III","1","CAJA DE CARTON","72","Litros","8","355","NA","NA","MIS000580","PAINT"
"111104947993","2,990","9","N/A","N/A","1","WOODEN BOX ","35","Kilogramos","80","955","N/A","N/A","18002553924","Life-saving appliances, self-inflating"
"888004943669","1,133","3","NA","II","1","CAJA DE CARTON","5","Litros","1","Y341","NA","NA","MIS00000580","Adhesives"
"888004955894","1,263","3","NA","III","1","CAJA DE CARTON","5.5","Litros","9","355","NA","NA","MIS0000580","Paint related material"
"4955923","1,133","3","N/A","II","1","FIBREBOARD BOX ","4","Litros","1.2","Y341","N/A","N/A","N/A","ADHESIVES "
"111104961285","8,000","9","N/A","N/A","1","CAJA DE CARTON","5","Kilogramos","25","Y963","N/A","N/A","N/A","CONSUMER COMMODITY"
"4955722","1,072","2.2","5,1","II","1","ALUMINIUM ","132","Kilogramos","44","200","N/A","N/A","N/A","OXYGEMN COMPRESSED "
"111104966125","8,000","9","NA","N/A","1","CAJA DE CARTON","2","Kilogramos","2","Y963","NA","NA","MIS0000580","Consumer commodity"
"888004964909","3,091","9","NA","N/A","1","CAJA DE CARTON","35","N/A","2","970","NA","NA","MIS00000580","Lithium metal batteries contained in equipment †"
"888004966430","1,950","2.1","NA","N/A","1","CAJA DE CARTON","5","Kilogramos","0.5","203","NA","NA","MIS00000580","Aerosols, flammable"
"888004966683","1,133","3","NA","II","1","CAJA DE CARTON","3","Litros","1","Y341","NA","NA","MIS00000580","Adhesives"
"111104971080","1,950","2.1","N/A","N/A","1","FIBREBOARD BOX","26","Kilogramos","2.6","Y203","N/A","AV08","N/A","Aerosols, flammable"
"888004974878","1,133","3","NA","III","1","CAJA DE CARTON","12","Litros","2","Y344","NA","NA","MIS00000580","ADHESIVES"
"1111479731","3,091","9","N/A","N/A","1","FIBREBOARD BOX ","35","Kilogramos","1.6","970","NA","N/A","1-800-255-3924","Lithium metal batteries contained in equipment"
"888004981239","1,268","3","NA","III","1","CAJA DE CARTON","4","Litros","4.5","355","NA","NA","MIS0000580","Petroleum distillates, n.o.s."
"111104985369","8,000","9","N/A","N/A","1","FIBREBARD","2","Litros","3","Y963","N/A","N/A","N/A","CONSUMER COMMODITI "
"888004983355","3,363","9","NA","N/A","1","caja de madera","1","Litros","22","962","na","na","mis00000580","Dangerous goods in apparatus"
"8004986027","3,091","9","N/A","N/A","1","CAJA DE CARTON","0.25","Kilogramos","2","970","N/A","N/A","MIS0000580","	Lithium metal batteries contained in equipment "
"111104967362","8,000","9","N/A","N/A","1","CAJA DE CARTON","0.3","Kilogramos","1.2","Y963","N/A","N/A","N/A","ARTICULO DE CONSUMO"
"888004992008","1,268","3","NA","III","1","CAJA DE CARTON","37","Litros","4","355","NA","NA","MIS000580","Petroleum products, n.o.s."
"111104997281","1,950","2.1","N/A","N/A","1","FIBREBOARD BOX ","8","Kilogramos","0.8","Y203","N/A","N/A","1-8002553924","Aerosols, flammable"
"888004993720","1,263","3","NA","II","1","CAJA DE CARTON","4","Litros","5","353","NA","NA","MIS00000580","PAINT"
"888004993720","3,091","9","NA","N/A","1","CAJA DE CARTON","35","Kilogramos","3","970","NA","NA","MIS0000580","LITHIUM METAL BATTERIES CONTAINED IN EQUIPMENT"
"888004994224","1,133","3","NA","II","1","CAJA DE CARTON","1","Litros","1","353","NA","NA","MIS00000580","ADHESIVES"
"888004998077","1,950","2.1","NA","N/A","1","CAJA DE CARTON","5","Kilogramos","1","Y203","NA","NA","MIS0000580","AEROSOLES FLAMMABLES"
"111105002665 ","8,000","9","N/A","N/A","1","CAJA DE CARTON CORRUGADO","400","Kilogramos","4","Y963","N/A","A112","N/A","CONSUMER COMMODITY"
"111104989479","8,000","9","N/A","N/A","1","CONTENEDOR ","125","Litros","6.5","Y963","N/A","N/A","PERFME ","CONSUMER COMODITY"
"888005010201","12","1.4","N/A","N/A","1","CAJA DE CARTON","8.4","Kilogramos","8.9","130","N/A","N/A","CRE 3L","CARTUCHOS PARA ARMAS DE PEQUEÑO CALIBRE "
"111104989391","8,000","9","NA","N/A","1","CAJA","100","Litros","7","Y963","N/A","N/A","PERFUME","CONSUMER COMODITY"
"5011376","2,990","9","N/A","N/A","1","WOODEN BOX","35","Kilogramos","80","955","N/A","N/A","N/A","LIFE-SAVING APLLIANCES,SELF-INFLATING"
"888005016604","1,760","8","na","II","1","caja de carton","1","Litros","3","851","na","na","mis00000580","Corrosive liquid, n.o.s. ★"
"111105014769","1,072","2.2","5.1","N/A","3","ALUMINIUM BOX","3","Kilogramos","18","200","N/A","N/A","1-800-255-3924","OXYGEN,COMPRESSED"
"111105019853","2,795","8","N/A","N/A","2","FIBREBOARD BOX","26","Kilogramos","29.5","870","N/A","A51,AV08","1-800255-3924","Batteries, wet, filled with alkali"
"5020526","1,072","2.2","5.1","N/A","1","ALUMINIUM BOX","16","Kilogramos","42","200","N/A","N/A","18002553924","Oxygen, compressed"
"111105026907 ","8,000","9","N/A","N/A","1","CAJA DE CARTON CORRUGADO ","5","Kilogramos","1","Y963","N/A","A112","N/A","CONSUMER COMMODITY"
"111005026108","2,795","8","N/A","N/A","2","PLASTIC BOXEX","25","Kilogramos","50","870","N/A","N/A","N/A","BATTERIES,WET,FILIED WITH ALKALI"
"111105029892","3,481","9","N/A","N/A","1","PLASIC BOX","0.5","Kilogramos","9.2","967","N/A","AV08","N/A","Lithium ion batteries contained in equipment"
"111105031530","3,091","9","N/A","N/A","1","FIBREBOARD BOX ","2","Kilogramos","2","970","N/A","AV-08","N/A","Lithium metal batteries contained in equipment"
"111105042062","8,000","9","N/A","N/A","2","CAJA DE CARTON PRENSADO","4.65","Kilogramos","6","Y963","N/A","N/A","CRE 9L","ARTICULOS DE CONSUMO"
"111105042416","3,091","9","N/A","N/A","1","FIBREBOARD BO ","25","Kilogramos","1.6","970","970","N/A","1-800-255-3924","Lithium metal batteries contained in equipment"
"111105042610","2,795","8","N/A","N/A","1","PLASTIC BOX ","25","Kilogramos","32","870","N/A","N/A","1-800-255-3924","Batteries, wet, filled with alkali"
"888005053410","1,133","3","N/A","III","1","CAJA DE CARTON PRENSADO","2","Litros","1","Y344","N/A","N/A","MIS0000580","Adhesives"
"8885046326","3,091","9","N/A","N/A","1","CAJA DE CARTON","2","Kilogramos","7","970","N/A","N/A","MIS0000580","Lithium metal batteries contained in equipment †"
"888005052905","1,950","2.1","N/A","N/A","1","CAJA DE CARTON ","3","Kilogramos","2","Y203","N/A","N/A","MIS0000580","Aerosols, flammable"
"111105058892","2,929","6.1","3","II","1","ALL PACKED IN ONE FIBREBOARD BOX ","1","Litros","0.8","Y641","N/A","N/A","1-800-255-3924","Toxic liquid, flammable organic, n.o.s"
"111105058892","1,133","3","N/A","III","1","ALL PACKED IN ONE FIBREBOARD BOX ","1","Litros","0.8","Y344","N/A","N/A","1-800-255-3924","Adhesives"
"111105056251","1,263","3","N/A","III","1","FIBREBOARD BOX ","1","Litros","1.4","Y344","N/A","N/A","1-800-255-3924","PAINT"
"111105047984","8,000","9","N/A","N/A","1","CONTENEDOR ","150","Litros","5","Y963","N/A","N/A","PERFUME ","CONSUMER COMODITY"
"111105076074","8,000","9","N/A","N/A","1","CAJA  CARTON ","0.15","Litros","1.5","963","N/A","N/A","N/A","CONSUMER COMMODITY"
"5070296","3,091","9","N/A","N/A","1","FIBREBOARD BOX ","25","Kilogramos","5","970","A48","N/A","N/A","LITHIUM METAL BATTERIES CONTAINED IN EQUIPMENT "
"5063441","3,072","9","N/A","N/A","1","FIBREBPOARD BOX ","30","Kilogramos","36","955","N/A","N/A","N/A","LIFE -SAVING APPLIANCERS ,NOT SELF - INFLATING"
"5070428","2,795","8","N/A","N/A","1","FIBREBOARD BOX ","25","Kilogramos","32","870","N/A","N/A","N/A","BATTERIES ,WET FILED WITH ALKAI"
"888005074258","3,091","9","NA","N/A","1","CAJA DE CARTON","35","Kilogramos","1","970","NA","NA","MIS00000580","Lithium metal batteries contained in equipment †"
"5070386","1,072","2.2","5,1","III","1","ALUMINIUM BOX ","3","Kilogramos","16","200","N/A","N/A","N/A","OXYGEN ,COMPRESSED "
"5075173","3,072","9","N/A","N/A","3","FIBREBOPARD BOX ","20","Kilogramos","67.8","955","N/A","N/A","N/A","LIFE-SAVING APPLIANCES ,NOT SELF- INFLATING"
"111105083719","2,795","8","N/A","N/A","1","N/A","27","Kilogramos","34","870","N/A","N/A","N/A","BATTERIES,WET,FILLED WITH ALKALI"
"888005093850","1,950","2.1","N/A","N/A","1","CAJADE CATON ","8","Kilogramos","0.8","Y203","N/A","N/A","+018132480585","Aerosols, flammable"
"111105103446 ","8,000","9","N/A","N/A","1","CAJA CARTON","150","Litros","1","963","N/A","N/A","N/A","CONSUMER COMMODITY"
"888005104037","2,795","8","N/S","N/A","1","CAJA PLASTICA","252","Kilogramos","33","870","N/A","N/A","N/A","Batteries, wet, filled with alkali †"
"111105107323 ","8,000","9","N/A","N/A","1","CAJA CARTON","150","Litros","1.5","963","N/A","N/A","N/A","CONSUMER COMMODITY"
"11110104030","3,091","9","N/A","N/A","1","FIBREBOARD BOX ","25","Kilogramos","6.4","970","A48","N/A","1-800-255-3924","Lithium metal batteries contained in equipmen"
"111105103706","2,795","8","N/A","N/A","1","CAJA PLASTICA","25","Kilogramos","32","870","N/A","N/A","18002553924","Batteries, wet, filled with alkali "
"888005110736","1,950","2.1","NA","N/A","1","CAJA DE CARTON","5","Kilogramos","1","203","NA","NA","MIS00000580","AEROSOLS FLAMMABLE"
"888005112684","1,133","3","N/A","II","1","CAJA DE CARTON PRENSADO","7","Litros","1.5","353","N/A","N/A","MIS000080","Adhesives"
"88805112684","2,735","8","N/A","II","1","CAJA DE CARTON PRENADO","5","Litros","3.16","855","N/A","N/A","MIS0000580","Amines, liquid, corrosive, n.o.s. ★"
"111105119416","2,929","6.1","3","II","1","FIBREBOARD BOX ","1","Litros","0.6","Y641","N/A","N/A","1-800-255-3924","Toxic liquid, flammable"
"111105117391","1,133","3","N/A","II","1","FIBREBOARD BOX ","1","Litros","0.6","Y341","N/A","N/A","1-800-255-3924","Adhesives"
"111105129662","3,091","9","N/A","N/A","1","FIBREBOARD BOX","0.25","Kilogramos","5.6","970","A48","AV-08","N/A","Lithium metal batteries contained in equipment"
"111105144730","1,950","2","N/A","N/A","1","FIBREBOARD BOX","12","Kilogramos","1.2","Y203","N/A","N/A","N/A","AEROSOLS, FLAMMABLE"
"111105148860","1,263","3","N/A","II","1","FIBREBOARD BOX","5","Litros","6.6","353","N/A","N/A","18002553924","Paint related material"
"888005166975","1,950","2.1","NA","N/A","1","FIBREBOARD BOX","5","Kilogramos","2","203","NA","NA","NA","AEROSOLS, FAMMABLE"
"888005170464","1,133","3","N/A","II","1","CAJA DE CARTON PRENSADO","1","Litros","1","Y341","N/A","N/A","MIS0000580","Adhesives"
"888005167708","1,263","3","N/A","III","1","CAJA DE CARTON PRENSADO","5","Litros","1","355","N/A","N/A","MIS0000580","Paint"
"88805173814","1,263","3","N/A","II","1","CAJA DE CARTON","4","Litros","7","353","N/A","N/A","MIS0000580","Paint"
"88805172900","1,133","3","N/A","II","1","CAJA DE CARTON","7","Litros","2.5","353","N/A","N/A","MIS0000580","Adhesives"
"111105171236","1,072","2.2","5,1","N/A","1","ALUMINIUM BOX","92","Kilogramos","37.2","200","N/A","N/A","1-800-225-3924","OXIGEN,COMPRESSED"
"111105162900","3,091","9","N/A","N/A","1","FIBREBOARD BOX","35","Kilogramos","1.2","970","A48","N/A","1-800-255-3924","Lithium metal batteries contained in equipmen"
"5175413","1,133","3","N/A","II","1","FIBREBOARD BOX","1","Litros","0.6","Y341","N/A","N/A","1800255324","Adhesives"
"888005180780","3,072","9","N/A","N/A","1","CAJA DE CARTON","79","Kilogramos","10","955","N/A","N/A","N/A","Life-saving appliances, not self-inflating"
"888005175798","1,133","3","na","II","1","caja de carton","7","Litros","2","353","na","na","mis0000580","adhesives"
"888005175911","2,052","3","NA","III","1","CAJA DE CARTON","5","Litros","1","355","NA","NA","MIS00000580","DIPENTENE"
"111105186154","1,993","3","N/A","II","1","FIBREBOARD BOX ","1","Litros","1.8","Y341","N/A","N/A","1-800-255-3924","Flammable liquid, n.o.s.(Acetona,isopropanol)"
"111105184273","1,072","2.2","5,1","N/A","1","ALUMINIUM BOX ","92","Kilogramos","37","200","N/A","N/A","1-800-255-3924","Oxygen, compressed"
"111105190134","3,072","9","N/A","N/A","1","FIBREBOARD BOX","8","Kilogramos","10.8","955","A48","AV-08","N/A","Life-saving appliances, not self-inflating"
"111105187781","3,091","9","N/A","N/A","1","FIBREBOARD BOX","2","Kilogramos","5.8","970","A48","AV08","N/A","	Lithium metal batteries contained in equipment"
"111105189547","3,072","9","N/A","N/A","1","FIBREBOARD BOX","16","Kilogramos","19","955","A48","AV08","N/A","Life-saving appliances, not self-inflating"
"888005194787","1,072","2.2","N/A","N/A","1","ALUMINIUM BOX","2","Kilogramos","18","200","N/A","N/A","N/A","OXYGEN COMPRESSED "
"888005195009","1,072","2.2","5,1","N/A","1","CAJA ALUMINIO","2","Kilogramos","18","200","N/A","N/A","N/A","OXYGEN COMPRESSED "
"111105197776","2,929","6.1","3","II","1","FIBREBOARD BOX ","1","Litros","0.4","Y641","N/A","N/A","1-800-255-3924","	Toxic liquid, flammable, organic, n.o.s."
"111105197494","2,990","9","N/A","N/A","1","WOODEN BOX X ","80","Kilogramos","80","955","A48","N/A","1-800-255-3924","	Life-saving appliances, self-inflating"
"888005206004","3,091","9","NA","N/A","1","CAJA DE CARTON","1","Kilogramos","2","970","NA","NA","MIS0000580","Lithium metal batteries contained in equipment †"
"5204417","1,950","2.1","N/A","N/A","1","FIBREBOARD BOX ","28","Kilogramos","10.6","203","N/A","N/A","N/A","AROSOLS,FLAMMABLE"
"5205349","1,993","3","N/A","III","1","FIBREBOAERD BOX ","16","Litros","10","355","N/A","N/A","N/A","FLAMMABLE LIQUID,N.O.S.(HYDROCARBONS,C9-C11,N-ALKANES,CYCLICS,<2%AROMATICSBENZENESULFONIC ACID.DI-C10-14-ALKYL DERIVS,CALCIUM SALTS)"
"5211338","1,263","3","N/A","II","1","FIBREBOARD BOX ","5","Litros","9","353","N/A","N/A","N/A","PAINT"
"5206907","3,091","9","N/A","N/A","2","FIBREBOARD BOX ","37","Kilogramos","4.8","970","A48","N/A","N/A","LITHIUM METAL BATTERIS CONTAINED IN EQUIPMENT "
"5203819","1,072","2.2","(5,1)","N/A","1","ALUMINIUM BOX 2,2","22","Kilogramos","17","200","N/A","N/A","N/A","OXYGEN ,COMPRESSED "
"5203697","3,072","9","N/A","N/A","1","FIBREBOARD BOX ","16","Kilogramos","41.4","955","N/A","N/A","N/A","LIFE-SAVING APPLIANCES,NOT SELF-INFLATING"
"88800522041","1,133","3","N/A","II","1","CAJA DE CARTON ","35","Litros","1.17","353","N/A","N/A","MIS0000580","Adhesives"
"888005220417","1,263","3","N/A","II","1","CAJA DE CARTON ","4","Litros","7","353","N/A","N/A","MIS0000580","Paint"
"888005220417","1,263","3","N/A","III","1","CAJA DE CARTON ","4","Litros","1.26","355","N/A","N/A","MIS000580","Paint"
"5221439","2,795","8","N/A","N/A","1","PLASTIC BOX ","35","Kilogramos","41.8","870","N/A","A51","N/A","BATTERIES,WET ,FILLED WITH ALKALI"
"111105225397","3,259","8","N/A","III","1","FIBREBOARD BOX","1","Kilogramos","1.4","Y845","N/A","AV-08","N/A","Amines, solid, corrosive, n.o.s."
"11105224848","3,091","9","N/A","N/A","1","FIOBREBOARD BOX","25","Kilogramos","1.8","970","A48","AV-08","N/A","Lithium metal batteries contained in equipment"
"111105224641","3,091","9","N/A","N/A","1","FIBREBOARD BOX","2","Kilogramos","3.8","970","A48","AV-08","N/A","Lithium metal batteries contained in equipment"
"888000274295","1,993","3","NA","III","1","CAJA DE CARTon","4","Litros","10","y344","na","na","na","FLAMMABLE LIQUID NOS"
"111105230438","1,263","3","N/A","II","1","CAJA DE CARTON ","5","Litros","138","353","N/A","N/A","+018002553924","Paint"
"111105230438","1,263","3","N/A","II","1","CAJA DE CARTON ","5","Litros","13.8","353","N/A","N/A","+018002553924","Paint related material"
"111105230438","1,263","3","NA","III","1","CAJA DE CARTON ","1","Litros","13.08","Y344","N/A","N/A","+018002553924","Paint related material"
"111105230953","8,000","9","N/A","N/A","1","CARTON ","100","Litros","1","Y963","N/A","N/A","CRE 9L","CONSUMER COMMODITY "
"5243612","2,735","8","N/A","III","1","FIBREBOARD BOX","1","Litros","1.4","Y841","N/A","N/A","1-800-255-3924","Polyamines, liquid, corrosive, n.o.s. (Tetraetylene pentamine, Substituted piperazine)"
"5234421","3,091","9","N/A","N/A","1","FIBREBOARD BOX","25","Kilogramos","1.6","970","A48","N/A","1-800-255-3924","Lithium metal batteries contained in equipment"
"5245798","1,950","2.1","N/A","N/A","1","FIBREBOARD BOX","8","Kilogramos","0.8","Y203","N/A","N/A","1-800-255-3924","Aerosols, flammable"
"5232089","2,795","8","N/A","N/A","1","PLASTIC BOX","25","Kilogramos","32.4","870","N/A","N/A","1-800-255-3924","Batteries, wet, filled with alkali"
"5144050","1","9","N/A","N/A","1","WOODEN BOX","35","Kilogramos","80","955","N/A","N/A","1-800-255-3924","Life-saving appliances, self-inflating"
"111105250658","3,259","8","N/A","III","1","FIBREBOARD BOX","12","Kilogramos","3.3","Y845","N/A","AV-08","N/A","Amines, solid, corrosive, n.o.s."
"111105250658","1,263","3","N/A","III","1","FIBREBOARD BOX","4","Litros","3.3","Y344","A192","AV-08","N/A","Paint related material"
"111105252034","1,463","5.1","(6,1) (8)","II","1","FIBREBOARD BOX","5","Kilogramos","6.6","558","N/A","AV-08","N/A","Chromium trioxide, anhydrous"
"111105257872","1,950","2.1","N/A","N/A","1","CAJA DE CARTON ","18","Kilogramos","1.8","Y203","NA","NA","+018132480585","Aerosols, flammable"
"888005257533","2,795","8","na","N/A","1","CAJA DE CARTON","30","Kilogramos","30","870","NA","NA","MIS00000580","Batteries, wet, filled with alkali †"
"5269585","2,795","8","N/A","N/A","1","PLASTIC BOX","35","Kilogramos","25","870","N/A","N/A","N/A","BATTERIES ,WET,FILLED WITH ALKALI"
"888005273475","3,091","9","NA","N/A","1","CAJA DE CARTON","2","Kilogramos","6","970","NA","NA","MIS0000580","Lithium metal batteries contained in equipment †"
"888005275365","1,263","3","NA","III","1","CAJA DE CARTON","5","Litros","7","355","NA","NA","MIS00000580","PAINT"
"5274476","1,993","3","N/A","N/A","1","FIBREBOARD BOX ","8","Kilogramos","1.8","Y341","N/A","N/A","N/A","FLAMMABLE LIQUID,N.O,S,(TOLUENE,ISOPROPYL ALCOHOL)"
"5274476","1,950","2.1","2,1","N/A","1","FIBREBOARD BOX ","8","Kilogramos","1.8","Y203","N/A","N/A","N/A","AEROSOLS,FLAMMABLE"
"5271901","1,072","2.2","(5,1)","N/A","1","ALUMININUM BOX","3","Kilogramos","22","200","N/A","N/A","N/A","OXYGEN COMPRESSED "
"888005274189","2,735","8","na","III","1","caja de carton","2","Litros","2","852","na","na","mis00000580","Amines, liquid, corrosive, n.o.s. ★"
"5279788","3,072","9","N/A","N/A","1","FIBREBOARD BOX ","9","Kilogramos","15","955","N/A","N/A","N/A","LIFE-SAVING APLPLIANCES,NOT SELF-INFLATING"
"5277020","3,091","9","N/A","N/A","1","FIBREBOARD BOX ","25","Kilogramos","3","970","N/A","N/A","N/A","LITHIUM METAL BATTERIES CONTAINED IN EQUIPEMENT "
"5273011","2,795","8","N/A","N/A","1","PLASTIC BOX","30","Kilogramos","42","870","N/A","N/A","N/A","BATTERIES ,WET,FILLED WIHT ALKALI"
"111105281439","2,990","9","N/A","N/A","1","WOODEN BOX","35","Kilogramos","80","955","N/A","AV-08","N/A","Life-saving appliances, self-inflating"
"11110521320","3,091","9","N/A","N/A","1","FIBREBOARD BOX","25","Kilogramos","2.8","970","A48","AV-08","N/A","Lithium metal batteries contained in equipment"
"888005291060","3,091","9","NA","N/A","1","FIBREBOARD BOX","25","Kilogramos","6","970","NA","NA","NA","LITHIUM METAL BATTERIES, CONTAINED IN EQUIPMENT"
"11110288715","3,072","9","N/A","N/A","1","CAJA DE CARTON ","16","Kilogramos","19.8","955","A48","NA","018132480585","ife-saving appliances, not self-inflating"
"111105287919","3,091","9","N/A","N/A","1","CAJA DE CARTON ","2","Kilogramos","4.4","970","A48","N/A","+018132480585","Lithium metal batteries contained in equipment †"
"111105292865","3,164","2.2","N/A","N/A","1","FIBREBOARD BOX ","3","Kilogramos","4.2","208","A48","N/A","1-8000-255-3924","Articles, pressurized, pneumatic"
"888005313754","1,263","3","NA","III","1","CAJA DE CARTON","5","Litros","5","355","NA","NA","MIS00000580","Paint related material"
"888005315785","3,091","9","NA","N/A","1","CAJA DE CARTON","1","Kilogramos","6","970","NA","NA","MIS0000580","Lithium metal batteries contained in equipment †"
"111105318693","8,000","9","N/A","N/A","1","CAJA DE CARTON","0.75","Litros","4","963","N/A","N/A","+573183333463","Consumer Commodity"
"111105314037","8,000","9","N/A","N/A","1","CARTON","100","Litros","1","Y963","N/A","N/A","CRE 9L","CONSUMER COMMODITY "
"888005329164","2,795","8","N/A","N/A","1","CAJA PLASTICA","25","Kilogramos","32","870","N/A","N/A","MIS0000580","Batteries, wet, filled with alkali †"
"8880053227239","1,133","3","N/A","III","1","CAJA DE CARTON","5","Litros","6","Y344","N/A","N/A","MIS0000580","Adhesivos"
"888005327239","1,950","2.1","N/A","N/A","1","CAJA DE CARTON","31","Kilogramos","6","Y203","N/A","N/A","MIS0000580","Aerosols, flammable"
"888005330448","1,133","3","N/A","II","1","CAJA DE CARTON","1","Litros","1","Y341","N/A","N/A","MIS0000580","Adhesives"
"88800330448","1,263","3","N/A","III","1","CAJA DE CARTON","1","Litros","1","Y344","N/A","N/A","MIS0000580","Paint"
"5331119","1,950","2.1","N/A","N/A","1","FIBREBOARD BOX ","16","Litros","4.6","Y203","N/A","N/A","N/A","AEROSOLS ,FLAMMABLE"
"5324376","1,950","2.1","N/A","N/A","1","FIBREBOARD BOX ","46","Kilogramos","4.6","Y203","N/A","N/A","N/A","AEROSOLS,FLAMMABLE"
"888005340662","3,363","9","NA","N/A","1","FIBREBOARD BOX","1","Litros","21","962","NA","NA","NA","DANGEROUS GOODS IN APPARATUS"
"111105342993","1,139","3","N/A","II","1","FIBREBOARD BOX ","16","Litros","2.8","353","N/A","NA","1-800-255-3924","Coating solution"
"111105343899","1,263","3","N/A","II","1","FIBREBOARD BOX","2.5","Litros","3.2","353","N/A","N/A","1-800-255-39-24","Paint related material"
"111105342349","3,072","9","N/A","N/A","1","FIBREBOARD BOX ","18","Kilogramos","21","955","A48","N/A","1-800-255-3924","Life-saving appliances, not self-inflating"
"111105353137","1,993","3","N/A","III","1","FIBREBOARD BOX","10","Litros","12","Y344","N/A","N/","1-800-255-324","Flammable liquid, n.o.s."
"111105352768","1,139","3","N/A","II","1","FIBREBOARD BOX","1","Litros","1.4","Y341","N/A","N/A","18002553924","Coating solution"
"5352768","1,139","3","n/a","II","1","FIBREBOARD BOX ","1","Litros","1.4","Y341","N/A","N/A","1-800-255-3924","Coating solution"
"111105367761","1,263","3","N/A","III","1","FIBREBOARD BOX ","53","Litros","6","355","N/A","N/A","1-800-255-3924","Paint related material"
"111105367761","1,133","3","N/A","III","1","FIBREBOARD BOX ","7","Litros","6","355","N/A","N/A","1-800-255-3924","Adhesives"
"111105375024","3,072","9","N/A","N/A","1","FIBREBOARD BOX","25.5","Kilogramos","28.2","955","N/A","AV-08","N/A","Life-saving appliances, not self-inflating"
"111105398560","8,000","9","N/A","N/A","1","CARTON ","5,980","Litros","11","Y963","N/A","N/A","CRE 9L","CONSUMER COMMODITY "
"111105393691","1,950","2.1","N/A","N/A","1","CAJA CARTON","18","Kilogramos","1.8","Y203","N/A","N/A","18002553924","Aerosols, flammable"
"111105396031","1,993","3","N/A","N/A","1","CAJA CARTON","8","Litros","1.2","Y341","N/A","N/A","18002553924","Flammable liquid, n.o.s. ★"
"111105398792","1,866","3","N/A","II","1","CAJA CARTON","2","Litros","0.6","Y341","N/A","N/A","18002553924","Resin solution"
"888005406647","1,263","3","NA","II","1","CAJA DE CARTON","1","Litros","1","Y341","NA","NA","MIS0000580","PAINT"
"111105403019","1,263","3","N/A","III","1","FIBREBOARD BOX","3","Litros","4.2","355","N/A","AV-08","N/A","Paint related material"
"111105406397","3,091","9","N/A","N/A","1","FIBREBOARD BOX","6","Kilogramos","14.2","970","A48","AV-08","N/A","Lithium metal batteries contained in equipment"
"888005422613","3,091","9","NA","N/A","1","CAJA DE CARTON","5","Kilogramos","2","970","NA","NA","MIS0000580","Lithium metal batteries contained in equipment "
"111105397165","1,268","3","N/A","III","1","STEEL DRUM ","19","Litros","17.2","355","N/A","N/A","1-800-255-3924","Petroleum distillates, n.o.s"
"11110546511","2,795","8","N/A","N/A","1","PLASTIC BOX ","25","Kilogramos","32","870","N/A","N/A","1-800-255-3924","Batteries, wet, filled with alkali "
"111105411771","2,795","8","N/A","N/A","1.23","PLASTIC BOX ","25","Kilogramos","96","870","N/A","N/A","1-800-255-3924","Batteries, wet, filled with alkali"
"888005430822","3,091","9","N/A","N/A","1","CAJA CARTON ","2","Kilogramos","3","970","A48","N/A","N/A","LITHIUM METAL BATERIES CONTAINED IN EQUIPMENT"
"888005439643","1,072","2.2","5,1","N/A","1","ALUMINIUM BOX","95","Kilogramos","20","200","NA","NA","NA","OXYGEN COMPRESSED"
"111105440435 ","8,000","9","N/A","N/A","1","CAJA CARTON PRENSADO","5","Litros","0.7","963","N/A","112","N/A","CONSUMER COMMODITY"
"111105416428","8,000","9","N/A","N/A","1","CONTENEDOR ","500","Litros","7.6","Y963","N/A","N/A","N/A","CONUMER COMODITY"
"111105439202","3,164","2.2","N/A","N/A","1","FIBREBOARD BOX","24","Kilogramos","4","208","N/A","N/A","018002553924","Articles, pressurized, hydraulic"
"111105444804","2,795","8","N/A","N/A","1","PLASTIC BOX ","25","Kilogramos","35.1","870","N/A","N/A","1-800-255-3924","Batteries, wet, filled with alkali "
"111105444804","3,072","9","NA","N/A","1","FIBREBOARD BOX ","34","Kilogramos","35.1","955","A48","N/A","1-800-255-3924","Life-saving appliances, not self-inflating"
"111105444587","1,072","2","5.1","N/A","1","ALUMINIUM BOX ","35","Kilogramos","18","200","N/A","N/A","1-800-255-3924","Oxygen, compressed"
"888005456671","3,091","9","N/A","N/A","1","CAJA DE CARTON PRENSADO","2","Kilogramos","7","970","N/A","N/A","MIS0000580","Lithium metal batteries contained in equipment †"
"5461292","2,990","9","N/A","N/A","1","PLYWOOD BOX","78","Kilogramos","78","955","N/A","N/A","N/A","LIFE-SAVING APPLIANCES ,SELF-INFLATING"
"11110546742","1,044","2.2","N/A","N/A","2","PLASTIC BOX","4","Kilogramos","14","213","N/A","AV-08","N/A","Fire extinguishers "
"111105468695","1,072","2.2","5,1","N/A","1","ALUMINIUM BOX","9.2","Kilogramos","40.4","200","N/A","AV-08","N/A","Oxygen, compressed"
"111105490164","3,072","9","N/A","N/A","1","FIBREBOARD BOX ","12","Kilogramos","2.4","955","A48","N/A","1-800-255-3924","Life-saving appliances, not self-inflating"
"111105499809","8,000","9","n/a","N/A","1","caja de carton ","100","Litros","1","Y963","N/A","N/A","CRE9L","articulos de consumo"
"111105500189","8,000","9","N/A","N/A","1","CAJA  CARTON","250","Litros","0.5","963","N/A","112","N/A","CONSUMER COMMODITY"
"111105506711","3,072","9","N/A","N/A","1","FIBREBOARD BOX ","19","Kilogramos","20.6","955","A4","N/A","1-|800-2553924","Life-saving appliances, not self-inflating"
"888005516372","1","9","N/A","N/A","1","CAJA CARTON ","2","Kilogramos","2","970","A48","N/A","N/A","LITHIUM METAL BATTERIES CONTAINED IN EQUIPMENT "
"111105522939","2,990","9","N/A","N/A","2","WOODEN BOXEX","50","Kilogramos","47","955","A48","N/A","018002253924","Life-saving appliances, self-inflating"
"111105526028","1,072","2.2","5.1","N/A","1","PLASTIC BOX ","20","Kilogramos","46.2","200","N/A","N/A","1-800-255-3924","Oxygen, compressed"
"5531778","1,133","3","N/A","II","1","FIBREBAR BOX","2","Litros","3","353","N/A","N/A","N/A","ADHESIVES "
"5533881","1,263","3","N/A","III","3","FIBREBOARD BOX","10","Litros","57","355","N/A","N/A","N/A","PAINT"
"5533881","1,263","3","N/A","III","1","FIBREBOARD BOX","5","Litros","57","355","N/A","N/A","N/A","PAINT"
"5532727","1,263","3","N/A","III","1","FIBREBOARD BOX ","5","Litros","6","Y344","N/A","A192","N/A","PAINT RELATED MATERIAL "
"5532727","1,992","3","N/A","III","1","FIBREBOARD BOX","3","Litros","6","Y343","N/A","N/A","N/A","FLAMMABLE LIQUID TOXIC,N,O,S(ETHYL3ETHOXYPROPIONATE,DIBUTYLTIN DILAURATE)"
"111105544302","1,133","3","N/A","III","1","FIBREBOARD BOX ","1","Litros","1","Y344","N/A","N/A","1-800-255-3924","Adhesives"
"111105544302","1,263","3","N/A","II","1","FIBREBOARD BOX ","6","Litros","9","355","NA","N/A","1-800-255-3924","Paint"
"888005552657","1,133","3","n/a","III","1","caja de carton prensado","5","Litros","1","355","n/a","n/a","mis0000580","adhesives"
"888005572668","2,795","8","N/A","N/A","1","CAJA DE PLASTICO ","25","Kilogramos","30","870","N/A","N/A","CHEM TEL CHEMICAL EXPERT ASSITANCE HOTLINE 18002553924","ACUMULADORES DE ELECTROLITO LIQUIDO ALCALINO "
"11110557589","1,993","3","N/A","II","1","FIBREBOARD BOX ","5","Litros","0.6","Y341","N/A","N/A","1-800-255-3924","Flammable liquid, n.o.s"
"111105575333","1,748","5.1","N/A","II","1","FIBREBOARD BOX ","1","Kilogramos","1.4","Y544","N/A","N/A","1-800-255-3924","Calcium hypochlorite mixture, dry"
"111105575822","1,950","2.1","N/A","N/A","1","FIBREBOARD BOX ","8","Kilogramos","0.8","Y203","N/A","N/A","1-800-255-3924","Aerosols, flammable"
"111105576003","1,993","3","N/A","III","1","FIBREBOARD BOX ","5","Litros","4.1","Y344","N/A","N/A","1-800-255-3924","Flammable liquid, n.o.s."
"111105576003","1,950","2.1","N/A","N/A","1","FIBREBOARD BOX ","22","Kilogramos","4.1","Y203","N/A","N/A","1-800-255-3924","Aerosols, flammable"
"111105576792","1,263","3","N/A","III","1","CAJA DE CARTON ","25","Kilogramos","3.2","Y344","A192","N/A","+018132480585","Paint related material"
"111105561582","8,000","9","n/a","N/A","1","CAJA","200","Litros","4.7","Y963","N/A","N/A","PERFUME ","consumer comodity"
"111105586767","2,795","8","N/A","N/A","2","PLASTIC BOXES","27","Kilogramos","34","870","N/A","AV-08","N/A","Batteries, wet, filled with alkali"
"111105584749","1,956","2.2","N/A","N/A","1","FIBREBOARD BOX","8","Kilogramos","10.2","200","N/A","AV-08","N/A","Compressed gas, n.o.s."
"888005601749","1,950","2.1","NA","N/A","1","FIBREBOARD BOX","5","Kilogramos","1.5","203","NA","NA","NA","Aerosoles, inflamables"
"111105592776","3,091","9","N/A","N/A","1","FIBREBOARD BOX","4","Kilogramos","10","970","A48","N/A","01800255324","Lithium metal batteries contained in equipment"
"111105599396","3,072","9","N/A","N/A","2","FIBREBOARD BOX","52","Kilogramos","57","955","N/A","N/A","18002553924","Life-saving appliances, not self-inflating"
"888005612511","1,263","3","N/A","III","1","CAJA DE CARTON","5","Litros","8","355","N/A","N/A","MIS0000580","Paint"
"11110560928","1,072","2","5,1","N/A","1","ALUMINIUM BOX","22","Kilogramos","18","200","N/A","N/A","1-800-255-394","Oxygen, compressed"
"111105615625","8,000","9","N/A","N/A","1","CAJA CARTON","500","Litros","1.6","963","N/A","112","N/A","CONSUMER COMMODITY"
"111105616824 ","8,000","9","N/A","N/A","1","CAJA CARTON","500","Litros","3.8","963","N/A","112","N/A","CONSUMER COMMODITY"
"111105616956","8,000","9","N/A","N/A","1","CAJA  CARTON ","500","Litros","1.6","963","N/A","112","N/A","CONSUMER COMMODITY"
"111105616128","1,992","3","6,1","III","1"," ONE FIBREBOARD BOX","95","Litros","19.4","355","N/A","N/A","1-800-255-3924","Flammable liquid, toxic, n.o.s. (ethyl3 ethoxypropionate,dibutyltin dilaurate)"
"111105616128","1,263","3","N/A","III","1","ONE FIBREBOARD BOX ","1,327","Litros","19.4","355","A192","N/A","1-800-255-3924","Paint related material"
"888005629535","3,091","9","NA","N/A","1","CAJA DE CARTON","2","Kilogramos","1","970","NA","NA","MIS00000580","LITHIUM METAL BATTERIES CONTAINED IN EQUIPMENT"
"888005629754","3,091","9","NA","N/A","1","CAJA DE CARTON","25","Kilogramos","2.5","970","NA","NA","MIS0000580","Lithium metal batteries contained in equipment"
"11115636595","1,072","2.2","5.1","N/A","1","CAJA DE ALUMINIO","134","Kilogramos","42.8","200","N/A","N/A","+018132480585","Oxygen, compressed"
"888005642790","3,091","9","NA","N/A","1","CAJA DE CARTON ","25","Kilogramos","2","970","NA","NA","MIS00000580","LITHIUM METAL BATTERIES CONTAINED IN EQUIPMENT"
"11110562725","1,268","3","N/A","III","1","FRIBEBOARD BOX ","19","Litros","17.4","355","N/A","N/A","1-800-255-3924","Petroleum distillates, n.o.s."
"111105650735","8,000","9","N/A","N/A","1","CONTENEDOR ","75","Litros","5.5","Y963","N/A","N/A","PERFUME ","CONSUMER  COMODITY"
"888005660266","1,993","3","NA","III","1","CAJA DE CARTON","4","Litros","4.5","355","NA","NA","MIS0000580","Flammable liquid, n.o.s."
"111105658362","1,956","2.2","N/A","N/A","1","PLASTICBOX","74","Kilogramos","15.2","200","N/A","N/A","018002553924","Compressed gas, n.o.s. ★"
"888005669495","2,735","8","na","II","1","caja de carton","1","Litros","1","Y840","NA","NA","MIS 00000580","Amines, liquid, corrosive, n.o.s. ★"
"888005669526","3,091","9","NA","N/A","2","CAJA DE CARTON","25","Kilogramos","1","970","NA","NA","MIS00000580","Lithium metal batteries contained in equipment †"
"111105669552","1,072","2.2","5,1","N/A","1","ALUMINIUM BOX","22","Kilogramos","18.2","200","N/A","N/A","1-800-255-3924","Oxygen, compressed"
"111105680688","3,091","9","N/A","N/A","1","FIBREBOARD BOX","36","Kilogramos","0.6","970","A48","N/A","018002553924","Lithium metal batteries contained in equipment "
"111105675263","2,795","8","N/A","N/A","1","PLASTIC BOX","344","Kilogramos","41.5","870","A51","N/A","018002553924","Batteries, wet, filled with alkali"
"111105681263","1,956","2.2","N/A","N/A","2","PLASTIC BOX","9","Kilogramos","15","200","N/A","N/A","018002553924","ompressed gas, n.o.s. ★"
"888005688998","3,091","9","NA","N/A","3","CAJAS DE CARTON","25","Kilogramos","2.2","970","NA","NA","MIS0000580","Lithium metal batteries contained in equipment "
"888005688982","1,950","2.1","NA","N/A","1","CAJA DE CARTON","8","Kilogramos","1","Y203","NA","NA","MIS0000580","Aerosols, flammable"
"888005688987","3,164","2.2","NA","N/A","1"," CAJA DE CARTON","4","Litros","12.3","208","NA","A48","MIS0000580","Articles, pressurized, hydraulic"
"111105686072","2,319","3","N/A","III","1","FIBREBOARD BOX","185","Litros","18.8","355","N/A","N/A","18002553924","Terpene hydrocarbons, n.o.s."
"5701986","3,363","9","N/A","N/A","1","CAJA DE CARTON","1","Litros","1","962","N/A","N/A","N/A","DANGEROUS GOODS IN APPARATUS"
"111105700557","8,000","9","N/A","N/A","1","CAJA DECARTON","5","Litros","1.2","Y963","N/A","N/A","N/A","CONSUMER  COMMODITY"
"111105703309","1,950","2.1","N/A","N/A","1","FIBREBOARD","36","Kilogramos","3.6","Y203","N/A","N/A","18002553924","Aerosols, flammable"
"111105707065","1,263","3","N/A","II","1","FIBREBOARD","5","Litros","8","353","N/A","N/A","18002553924","Paint"
"888005713609","1,263","3","NA","III","1","FIBREBOARD BOX","5","Litros","7","355","NA","NA","NA","PAINT RALTED MATERIAL"
"111105721141","1,950","2.1","N/A","N/A","1","FIBREBOARD BOX","1","Kilogramos","1.6","Y203","N/A","N/A","18002553924","Aerosols, flammable"
"111105720923","1,950","2.1","N/A","N/A","1","FIBREBOARD BOX","16","Kilogramos","1.8","Y203","N/A","N/A","18002553924","Aerosols, flammable"
"111105703736","8,000","9","N/A","N/A","1","CONTENEDOR ","200","Litros","4.5","Y963","N/A","N/A","PERFUME","CONSUMER COMODITY"
"888005729344","3,072","9","n/a","N/A","1","CAJA DE CARTON","9","Kilogramos","11","955","N/A","N/A","N/A","Life-saving appliances, not self-inflating"
"888005729239","1,133","3","NA","II","1","CAJA DE CARTON","3","Litros","1.5","353","NA","NA","MIS0000580","ADHESIVES"
